file,line,type,commit,author,date,time,timezone,datetime,depth,length
style.css,1,css,4a238976,EdisonAyranisthebest,2026-04-09,13:06:18,-07:00,2026-04-09T13:06:18-07:00,0,4
style.css,2,css,4a238976,EdisonAyranisthebest,2026-04-09,13:06:18,-07:00,2026-04-09T13:06:18-07:00,2,23
style.css,3,css,4a238976,EdisonAyranisthebest,2026-04-09,13:06:18,-07:00,2026-04-09T13:06:18-07:00,2,15
style.css,4,css,4a238976,EdisonAyranisthebest,2026-04-09,13:06:18,-07:00,2026-04-09T13:06:18-07:00,2,18
style.css,5,css,4a238976,EdisonAyranisthebest,2026-04-09,13:06:18,-07:00,2026-04-09T13:06:18-07:00,2,18
style.css,6,css,bfd9beea,EdisonAyranisthebest,2026-04-09,13:09:15,-07:00,2026-04-09T13:09:15-07:00,0,0
style.css,7,css,bfd9beea,EdisonAyranisthebest,2026-04-09,13:09:15,-07:00,2026-04-09T13:09:15-07:00,0,0
style.css,8,css,bfd9beea,EdisonAyranisthebest,2026-04-09,13:09:15,-07:00,2026-04-09T13:09:15-07:00,0,4
style.css,9,css,bfd9beea,EdisonAyranisthebest,2026-04-09,13:09:15,-07:00,2026-04-09T13:09:15-07:00,2,31
style.css,10,css,bfd9beea,EdisonAyranisthebest,2026-04-09,13:09:15,-07:00,2026-04-09T13:09:15-07:00,2,32
style.css,11,css,e8d3b3aa,EdisonAyranisthebest,2026-04-14,14:54:15,-07:00,2026-04-14T14:54:15-07:00,2,23
style.css,12,css,bfd9beea,EdisonAyranisthebest,2026-04-09,13:09:15,-07:00,2026-04-09T13:09:15-07:00,0,0
style.css,13,css,bfd9beea,EdisonAyranisthebest,2026-04-09,13:09:15,-07:00,2026-04-09T13:09:15-07:00,0,0
style.css,14,css,5a23834c,EdisonAyranisthebest,2026-04-09,13:17:56,-07:00,2026-04-09T13:17:56-07:00,0,2
style.css,15,css,5a23834c,EdisonAyranisthebest,2026-04-09,13:17:56,-07:00,2026-04-09T13:17:56-07:00,2,14
style.css,16,css,5a23834c,EdisonAyranisthebest,2026-04-09,13:17:56,-07:00,2026-04-09T13:17:56-07:00,0,0
style.css,17,css,5a23834c,EdisonAyranisthebest,2026-04-09,13:17:56,-07:00,2026-04-09T13:17:56-07:00,0,0
style.css,18,css,5a23834c,EdisonAyranisthebest,2026-04-09,13:17:56,-07:00,2026-04-09T13:17:56-07:00,0,22
style.css,19,css,5a23834c,EdisonAyranisthebest,2026-04-09,13:17:56,-07:00,2026-04-09T13:17:56-07:00,2,15
style.css,20,css,5a23834c,EdisonAyranisthebest,2026-04-09,13:17:56,-07:00,2026-04-09T13:17:56-07:00,2,17
style.css,21,css,5a23834c,EdisonAyranisthebest,2026-04-09,13:17:56,-07:00,2026-04-09T13:17:56-07:00,0,0
style.css,22,css,5a23834c,EdisonAyranisthebest,2026-04-09,13:17:56,-07:00,2026-04-09T13:17:56-07:00,0,0
style.css,23,css,bfd9beea,EdisonAyranisthebest,2026-04-09,13:09:15,-07:00,2026-04-09T13:09:15-07:00,0,3
style.css,24,css,e8d3b3aa,EdisonAyranisthebest,2026-04-14,14:54:15,-07:00,2026-04-14T14:54:15-07:00,2,39
style.css,25,css,bfd9beea,EdisonAyranisthebest,2026-04-09,13:09:15,-07:00,2026-04-09T13:09:15-07:00,2,12
style.css,26,css,e8d3b3aa,EdisonAyranisthebest,2026-04-14,14:54:15,-07:00,2026-04-14T14:54:15-07:00,2,43
style.css,27,css,bfd9beea,EdisonAyranisthebest,2026-04-09,13:09:15,-07:00,2026-04-09T13:09:15-07:00,2,17
style.css,28,css,bfd9beea,EdisonAyranisthebest,2026-04-09,13:09:15,-07:00,2026-04-09T13:09:15-07:00,0,0
style.css,29,css,bfd9beea,EdisonAyranisthebest,2026-04-09,13:09:15,-07:00,2026-04-09T13:09:15-07:00,0,0
style.css,30,css,bfd9beea,EdisonAyranisthebest,2026-04-09,13:09:15,-07:00,2026-04-09T13:09:15-07:00,0,5
style.css,31,css,bfd9beea,EdisonAyranisthebest,2026-04-09,13:09:15,-07:00,2026-04-09T13:09:15-07:00,2,6
style.css,32,css,bfd9beea,EdisonAyranisthebest,2026-04-09,13:09:15,-07:00,2026-04-09T13:09:15-07:00,2,20
style.css,33,css,bfd9beea,EdisonAyranisthebest,2026-04-09,13:09:15,-07:00,2026-04-09T13:09:15-07:00,2,13
style.css,34,css,bfd9beea,EdisonAyranisthebest,2026-04-09,13:09:15,-07:00,2026-04-09T13:09:15-07:00,2,17
style.css,35,css,bfd9beea,EdisonAyranisthebest,2026-04-09,13:09:15,-07:00,2026-04-09T13:09:15-07:00,2,13
style.css,36,css,bfd9beea,EdisonAyranisthebest,2026-04-09,13:09:15,-07:00,2026-04-09T13:09:15-07:00,0,0
style.css,37,css,bfd9beea,EdisonAyranisthebest,2026-04-09,13:09:15,-07:00,2026-04-09T13:09:15-07:00,0,0
style.css,38,css,bfd9beea,EdisonAyranisthebest,2026-04-09,13:09:15,-07:00,2026-04-09T13:09:15-07:00,0,13
style.css,39,css,e8d3b3aa,EdisonAyranisthebest,2026-04-14,14:54:15,-07:00,2026-04-14T14:54:15-07:00,2,45
style.css,40,css,bfd9beea,EdisonAyranisthebest,2026-04-09,13:09:15,-07:00,2026-04-09T13:09:15-07:00,2,20
style.css,41,css,bfd9beea,EdisonAyranisthebest,2026-04-09,13:09:15,-07:00,2026-04-09T13:09:15-07:00,0,0
style.css,42,css,bfd9beea,EdisonAyranisthebest,2026-04-09,13:09:15,-07:00,2026-04-09T13:09:15-07:00,0,0
style.css,43,css,bfd9beea,EdisonAyranisthebest,2026-04-09,13:09:15,-07:00,2026-04-09T13:09:15-07:00,0,11
style.css,44,css,bfd9beea,EdisonAyranisthebest,2026-04-09,13:09:15,-07:00,2026-04-09T13:09:15-07:00,2,45
style.css,45,css,e8d3b3aa,EdisonAyranisthebest,2026-04-14,14:54:15,-07:00,2026-04-14T14:54:15-07:00,2,69
style.css,46,css,540d4dd4,EdisonAyranisthebest,2026-04-09,13:11:38,-07:00,2026-04-09T13:11:38-07:00,0,0
style.css,47,css,540d4dd4,EdisonAyranisthebest,2026-04-09,13:11:38,-07:00,2026-04-09T13:11:38-07:00,0,0
style.css,48,css,540d4dd4,EdisonAyranisthebest,2026-04-09,13:11:38,-07:00,2026-04-09T13:11:38-07:00,0,4
style.css,49,css,540d4dd4,EdisonAyranisthebest,2026-04-09,13:11:38,-07:00,2026-04-09T13:11:38-07:00,2,12
style.css,50,css,540d4dd4,EdisonAyranisthebest,2026-04-09,13:11:38,-07:00,2026-04-09T13:11:38-07:00,2,30
style.css,51,css,540d4dd4,EdisonAyranisthebest,2026-04-09,13:11:38,-07:00,2026-04-09T13:11:38-07:00,2,7
style.css,52,css,540d4dd4,EdisonAyranisthebest,2026-04-09,13:11:38,-07:00,2026-04-09T13:11:38-07:00,0,0
style.css,53,css,540d4dd4,EdisonAyranisthebest,2026-04-09,13:11:38,-07:00,2026-04-09T13:11:38-07:00,0,0
style.css,54,css,540d4dd4,EdisonAyranisthebest,2026-04-09,13:11:38,-07:00,2026-04-09T13:11:38-07:00,0,9
style.css,55,css,540d4dd4,EdisonAyranisthebest,2026-04-09,13:11:38,-07:00,2026-04-09T13:11:38-07:00,0,12
style.css,56,css,e8d3b3aa,EdisonAyranisthebest,2026-04-14,14:54:15,-07:00,2026-04-14T14:54:15-07:00,0,10
style.css,57,css,e8d3b3aa,EdisonAyranisthebest,2026-04-14,14:54:15,-07:00,2026-04-14T14:54:15-07:00,0,6
style.css,58,css,540d4dd4,EdisonAyranisthebest,2026-04-09,13:11:38,-07:00,2026-04-09T13:11:38-07:00,2,12
style.css,59,css,540d4dd4,EdisonAyranisthebest,2026-04-09,13:11:38,-07:00,2026-04-09T13:11:38-07:00,0,0
style.css,60,css,540d4dd4,EdisonAyranisthebest,2026-04-09,13:11:38,-07:00,2026-04-09T13:11:38-07:00,0,0
style.css,61,css,540d4dd4,EdisonAyranisthebest,2026-04-09,13:11:38,-07:00,2026-04-09T13:11:38-07:00,0,10
style.css,62,css,540d4dd4,EdisonAyranisthebest,2026-04-09,13:11:38,-07:00,2026-04-09T13:11:38-07:00,2,12
style.css,63,css,540d4dd4,EdisonAyranisthebest,2026-04-09,13:11:38,-07:00,2026-04-09T13:11:38-07:00,2,29
style.css,64,css,540d4dd4,EdisonAyranisthebest,2026-04-09,13:11:38,-07:00,2026-04-09T13:11:38-07:00,2,18
style.css,65,css,540d4dd4,EdisonAyranisthebest,2026-04-09,13:11:38,-07:00,2026-04-09T13:11:38-07:00,0,0
style.css,66,css,540d4dd4,EdisonAyranisthebest,2026-04-09,13:11:38,-07:00,2026-04-09T13:11:38-07:00,0,0
style.css,67,css,540d4dd4,EdisonAyranisthebest,2026-04-09,13:11:38,-07:00,2026-04-09T13:11:38-07:00,0,11
style.css,68,css,540d4dd4,EdisonAyranisthebest,2026-04-09,13:11:38,-07:00,2026-04-09T13:11:38-07:00,2,18
style.css,69,css,5a23834c,EdisonAyranisthebest,2026-04-09,13:17:56,-07:00,2026-04-09T13:17:56-07:00,0,0
style.css,70,css,5a23834c,EdisonAyranisthebest,2026-04-09,13:17:56,-07:00,2026-04-09T13:17:56-07:00,0,0
style.css,71,css,5a23834c,EdisonAyranisthebest,2026-04-09,13:17:56,-07:00,2026-04-09T13:17:56-07:00,0,9
style.css,72,css,5a23834c,EdisonAyranisthebest,2026-04-09,13:17:56,-07:00,2026-04-09T13:17:56-07:00,2,12
style.css,73,css,5a23834c,EdisonAyranisthebest,2026-04-09,13:17:56,-07:00,2026-04-09T13:17:56-07:00,2,58
style.css,74,css,5a23834c,EdisonAyranisthebest,2026-04-09,13:17:56,-07:00,2026-04-09T13:17:56-07:00,2,7
style.css,75,css,5a23834c,EdisonAyranisthebest,2026-04-09,13:17:56,-07:00,2026-04-09T13:17:56-07:00,0,0
style.css,76,css,5a23834c,EdisonAyranisthebest,2026-04-09,13:17:56,-07:00,2026-04-09T13:17:56-07:00,0,0
style.css,77,css,5a23834c,EdisonAyranisthebest,2026-04-09,13:17:56,-07:00,2026-04-09T13:17:56-07:00,0,17
style.css,78,css,5a23834c,EdisonAyranisthebest,2026-04-09,13:17:56,-07:00,2026-04-09T13:17:56-07:00,2,12
style.css,79,css,5a23834c,EdisonAyranisthebest,2026-04-09,13:17:56,-07:00,2026-04-09T13:17:56-07:00,2,26
style.css,80,css,5a23834c,EdisonAyranisthebest,2026-04-09,13:17:56,-07:00,2026-04-09T13:17:56-07:00,2,15
style.css,81,css,5a23834c,EdisonAyranisthebest,2026-04-09,13:17:56,-07:00,2026-04-09T13:17:56-07:00,2,8
style.css,82,css,5a23834c,EdisonAyranisthebest,2026-04-09,13:17:56,-07:00,2026-04-09T13:17:56-07:00,0,0
style.css,83,css,5a23834c,EdisonAyranisthebest,2026-04-09,13:17:56,-07:00,2026-04-09T13:17:56-07:00,0,0
style.css,84,css,5a23834c,EdisonAyranisthebest,2026-04-09,13:17:56,-07:00,2026-04-09T13:17:56-07:00,0,20
style.css,85,css,5a23834c,EdisonAyranisthebest,2026-04-09,13:17:56,-07:00,2026-04-09T13:17:56-07:00,2,8
style.css,86,css,5a23834c,EdisonAyranisthebest,2026-04-09,13:17:56,-07:00,2026-04-09T13:17:56-07:00,0,0
style.css,87,css,5a23834c,EdisonAyranisthebest,2026-04-09,13:17:56,-07:00,2026-04-09T13:17:56-07:00,0,0
style.css,88,css,5a23834c,EdisonAyranisthebest,2026-04-09,13:17:56,-07:00,2026-04-09T13:17:56-07:00,0,21
style.css,89,css,5a23834c,EdisonAyranisthebest,2026-04-09,13:17:56,-07:00,2026-04-09T13:17:56-07:00,2,10
style.css,90,css,5a23834c,EdisonAyranisthebest,2026-04-09,13:17:56,-07:00,2026-04-09T13:17:56-07:00,0,0
style.css,91,css,5a23834c,EdisonAyranisthebest,2026-04-09,13:17:56,-07:00,2026-04-09T13:17:56-07:00,0,0
style.css,92,css,5a23834c,EdisonAyranisthebest,2026-04-09,13:17:56,-07:00,2026-04-09T13:17:56-07:00,0,13
style.css,93,css,5a23834c,EdisonAyranisthebest,2026-04-09,13:17:56,-07:00,2026-04-09T13:17:56-07:00,0,11
style.css,94,css,5a23834c,EdisonAyranisthebest,2026-04-09,13:17:56,-07:00,2026-04-09T13:17:56-07:00,2,16
style.css,95,css,5a23834c,EdisonAyranisthebest,2026-04-09,13:17:56,-07:00,2026-04-09T13:17:56-07:00,2,40
style.css,96,css,5a23834c,EdisonAyranisthebest,2026-04-09,13:17:56,-07:00,2026-04-09T13:17:56-07:00,2,15
style.css,97,css,5a23834c,EdisonAyranisthebest,2026-04-09,13:17:56,-07:00,2026-04-09T13:17:56-07:00,0,0
style.css,98,css,5a23834c,EdisonAyranisthebest,2026-04-09,13:17:56,-07:00,2026-04-09T13:17:56-07:00,0,0
style.css,99,css,5a23834c,EdisonAyranisthebest,2026-04-09,13:17:56,-07:00,2026-04-09T13:17:56-07:00,0,14
style.css,100,css,5a23834c,EdisonAyranisthebest,2026-04-09,13:17:56,-07:00,2026-04-09T13:17:56-07:00,2,25
style.css,101,css,5a23834c,EdisonAyranisthebest,2026-04-09,13:17:56,-07:00,2026-04-09T13:17:56-07:00,2,19
style.css,102,css,5a23834c,EdisonAyranisthebest,2026-04-09,13:17:56,-07:00,2026-04-09T13:17:56-07:00,0,0
style.css,103,css,5a23834c,EdisonAyranisthebest,2026-04-09,13:17:56,-07:00,2026-04-09T13:17:56-07:00,0,0
style.css,104,css,5a23834c,EdisonAyranisthebest,2026-04-09,13:17:56,-07:00,2026-04-09T13:17:56-07:00,0,11
style.css,105,css,5a23834c,EdisonAyranisthebest,2026-04-09,13:17:56,-07:00,2026-04-09T13:17:56-07:00,2,16
style.css,106,css,5a23834c,EdisonAyranisthebest,2026-04-09,13:17:56,-07:00,2026-04-09T13:17:56-07:00,2,16
style.css,107,css,e8d3b3aa,EdisonAyranisthebest,2026-04-14,14:54:15,-07:00,2026-04-14T14:54:15-07:00,2,46
style.css,108,css,5a23834c,EdisonAyranisthebest,2026-04-09,13:17:56,-07:00,2026-04-09T13:17:56-07:00,0,0
style.css,109,css,5a23834c,EdisonAyranisthebest,2026-04-09,13:17:56,-07:00,2026-04-09T13:17:56-07:00,0,0
style.css,110,css,5a23834c,EdisonAyranisthebest,2026-04-09,13:17:56,-07:00,2026-04-09T13:17:56-07:00,0,14
style.css,111,css,5a23834c,EdisonAyranisthebest,2026-04-09,13:17:56,-07:00,2026-04-09T13:17:56-07:00,2,8
style.css,112,css,5a23834c,EdisonAyranisthebest,2026-04-09,13:17:56,-07:00,2026-04-09T13:17:56-07:00,2,15
style.css,113,css,5a23834c,EdisonAyranisthebest,2026-04-09,13:17:56,-07:00,2026-04-09T13:17:56-07:00,0,0
style.css,114,css,5a23834c,EdisonAyranisthebest,2026-04-09,13:17:56,-07:00,2026-04-09T13:17:56-07:00,0,0
style.css,115,css,5a23834c,EdisonAyranisthebest,2026-04-09,13:17:56,-07:00,2026-04-09T13:17:56-07:00,0,12
style.css,116,css,5a23834c,EdisonAyranisthebest,2026-04-09,13:17:56,-07:00,2026-04-09T13:17:56-07:00,0,16
style.css,117,css,5a23834c,EdisonAyranisthebest,2026-04-09,13:17:56,-07:00,2026-04-09T13:17:56-07:00,2,16
style.css,118,css,e8d3b3aa,EdisonAyranisthebest,2026-04-14,14:54:15,-07:00,2026-04-14T14:54:15-07:00,0,0
style.css,119,css,e8d3b3aa,EdisonAyranisthebest,2026-04-14,14:54:15,-07:00,2026-04-14T14:54:15-07:00,0,0
style.css,120,css,e8d3b3aa,EdisonAyranisthebest,2026-04-14,14:54:15,-07:00,2026-04-14T14:54:15-07:00,0,22
style.css,121,css,e8d3b3aa,EdisonAyranisthebest,2026-04-14,14:54:15,-07:00,2026-04-14T14:54:15-07:00,0,13
style.css,122,css,e8d3b3aa,EdisonAyranisthebest,2026-04-14,14:54:15,-07:00,2026-04-14T14:54:15-07:00,2,17
style.css,123,css,e8d3b3aa,EdisonAyranisthebest,2026-04-14,14:54:15,-07:00,2026-04-14T14:54:15-07:00,2,8
style.css,124,css,e8d3b3aa,EdisonAyranisthebest,2026-04-14,14:54:15,-07:00,2026-04-14T14:54:15-07:00,2,10
style.css,125,css,e8d3b3aa,EdisonAyranisthebest,2026-04-14,14:54:15,-07:00,2026-04-14T14:54:15-07:00,2,13
style.css,126,css,e8d3b3aa,EdisonAyranisthebest,2026-04-14,14:54:15,-07:00,2026-04-14T14:54:15-07:00,2,19
style.css,127,css,ec5f7803,EdisonAyranisthebest,2026-04-23,23:46:44,-07:00,2026-04-23T23:46:44-07:00,0,0
style.css,128,css,ec5f7803,EdisonAyranisthebest,2026-04-23,23:46:44,-07:00,2026-04-23T23:46:44-07:00,0,0
style.css,129,css,ec5f7803,EdisonAyranisthebest,2026-04-23,23:46:44,-07:00,2026-04-23T23:46:44-07:00,0,17
style.css,130,css,ec5f7803,EdisonAyranisthebest,2026-04-23,23:46:44,-07:00,2026-04-23T23:46:44-07:00,2,12
style.css,131,css,ec5f7803,EdisonAyranisthebest,2026-04-23,23:46:44,-07:00,2026-04-23T23:46:44-07:00,2,36
style.css,132,css,ec5f7803,EdisonAyranisthebest,2026-04-23,23:46:44,-07:00,2026-04-23T23:46:44-07:00,2,9
style.css,133,css,ec5f7803,EdisonAyranisthebest,2026-04-23,23:46:44,-07:00,2026-04-23T23:46:44-07:00,2,17
style.css,134,css,ec5f7803,EdisonAyranisthebest,2026-04-23,23:46:44,-07:00,2026-04-23T23:46:44-07:00,0,0
style.css,135,css,ec5f7803,EdisonAyranisthebest,2026-04-23,23:46:44,-07:00,2026-04-23T23:46:44-07:00,0,0
style.css,136,css,ec5f7803,EdisonAyranisthebest,2026-04-23,23:46:44,-07:00,2026-04-23T23:46:44-07:00,0,17
style.css,137,css,ec5f7803,EdisonAyranisthebest,2026-04-23,23:46:44,-07:00,2026-04-23T23:46:44-07:00,2,10
style.css,138,css,ec5f7803,EdisonAyranisthebest,2026-04-23,23:46:44,-07:00,2026-04-23T23:46:44-07:00,2,16
style.css,139,css,ec5f7803,EdisonAyranisthebest,2026-04-23,23:46:44,-07:00,2026-04-23T23:46:44-07:00,2,16
style.css,140,css,ec5f7803,EdisonAyranisthebest,2026-04-23,23:46:44,-07:00,2026-04-23T23:46:44-07:00,0,0
style.css,141,css,ec5f7803,EdisonAyranisthebest,2026-04-23,23:46:44,-07:00,2026-04-23T23:46:44-07:00,0,0
style.css,142,css,ec5f7803,EdisonAyranisthebest,2026-04-23,23:46:44,-07:00,2026-04-23T23:46:44-07:00,0,17
style.css,143,css,ec5f7803,EdisonAyranisthebest,2026-04-23,23:46:44,-07:00,2026-04-23T23:46:44-07:00,2,10
style.css,144,css,ec5f7803,EdisonAyranisthebest,2026-04-23,23:46:44,-07:00,2026-04-23T23:46:44-07:00,2,15
style.css,145,css,ec5f7803,EdisonAyranisthebest,2026-04-23,23:46:44,-07:00,2026-04-23T23:46:44-07:00,2,8
style.css,146,css,a5bdeb93,EdisonAyranisthebest,2026-04-29,13:37:46,-07:00,2026-04-29T13:37:46-07:00,0,0
style.css,147,css,a5bdeb93,EdisonAyranisthebest,2026-04-29,13:37:46,-07:00,2026-04-29T13:37:46-07:00,0,0
style.css,148,css,a5bdeb93,EdisonAyranisthebest,2026-04-29,13:37:46,-07:00,2026-04-29T13:37:46-07:00,0,16
style.css,149,css,a5bdeb93,EdisonAyranisthebest,2026-04-29,13:37:46,-07:00,2026-04-29T13:37:46-07:00,0,13
style.css,150,css,a5bdeb93,EdisonAyranisthebest,2026-04-29,13:37:46,-07:00,2026-04-29T13:37:46-07:00,1,30
style.css,151,css,a5bdeb93,EdisonAyranisthebest,2026-04-29,13:37:46,-07:00,2026-04-29T13:37:46-07:00,1,34
style.css,152,css,a5bdeb93,EdisonAyranisthebest,2026-04-29,13:37:46,-07:00,2026-04-29T13:37:46-07:00,1,24
style.css,153,css,a5bdeb93,EdisonAyranisthebest,2026-04-29,13:37:46,-07:00,2026-04-29T13:37:46-07:00,1,8
style.css,154,css,a5bdeb93,EdisonAyranisthebest,2026-04-29,13:37:46,-07:00,2026-04-29T13:37:46-07:00,0,0
style.css,155,css,a5bdeb93,EdisonAyranisthebest,2026-04-29,13:37:46,-07:00,2026-04-29T13:37:46-07:00,0,0
style.css,156,css,a5bdeb93,EdisonAyranisthebest,2026-04-29,13:37:46,-07:00,2026-04-29T13:37:46-07:00,0,13
style.css,157,css,a5bdeb93,EdisonAyranisthebest,2026-04-29,13:37:46,-07:00,2026-04-29T13:37:46-07:00,0,18
style.css,158,css,a5bdeb93,EdisonAyranisthebest,2026-04-29,13:37:46,-07:00,2026-04-29T13:37:46-07:00,1,14
style.css,159,css,a5bdeb93,EdisonAyranisthebest,2026-04-29,13:37:46,-07:00,2026-04-29T13:37:46-07:00,1,16
style.css,160,css,a5bdeb93,EdisonAyranisthebest,2026-04-29,13:37:46,-07:00,2026-04-29T13:37:46-07:00,1,16
style.css,161,css,a5bdeb93,EdisonAyranisthebest,2026-04-29,13:37:46,-07:00,2026-04-29T13:37:46-07:00,0,0
style.css,162,css,a5bdeb93,EdisonAyranisthebest,2026-04-29,13:37:46,-07:00,2026-04-29T13:37:46-07:00,0,0
style.css,163,css,a5bdeb93,EdisonAyranisthebest,2026-04-29,13:37:46,-07:00,2026-04-29T13:37:46-07:00,0,23
style.css,164,css,a5bdeb93,EdisonAyranisthebest,2026-04-29,13:37:46,-07:00,2026-04-29T13:37:46-07:00,1,16
style.css,165,css,a5bdeb93,EdisonAyranisthebest,2026-04-29,13:37:46,-07:00,2026-04-29T13:37:46-07:00,1,14
style.css,166,css,a5bdeb93,EdisonAyranisthebest,2026-04-29,13:37:46,-07:00,2026-04-29T13:37:46-07:00,0,0
style.css,167,css,a5bdeb93,EdisonAyranisthebest,2026-04-29,13:37:46,-07:00,2026-04-29T13:37:46-07:00,0,0
style.css,168,css,a5bdeb93,EdisonAyranisthebest,2026-04-29,13:37:46,-07:00,2026-04-29T13:37:46-07:00,0,51
style.css,169,css,a5bdeb93,EdisonAyranisthebest,2026-04-29,13:37:46,-07:00,2026-04-29T13:37:46-07:00,1,11
style.css,170,css,a5bdeb93,EdisonAyranisthebest,2026-04-29,13:37:46,-07:00,2026-04-29T13:37:46-07:00,0,0
style.css,171,css,a5bdeb93,EdisonAyranisthebest,2026-04-29,13:37:46,-07:00,2026-04-29T13:37:46-07:00,0,0
style.css,172,css,a5bdeb93,EdisonAyranisthebest,2026-04-29,13:37:46,-07:00,2026-04-29T13:37:46-07:00,0,9
style.css,173,css,a5bdeb93,EdisonAyranisthebest,2026-04-29,13:37:46,-07:00,2026-04-29T13:37:46-07:00,1,35
style.css,174,css,a5bdeb93,EdisonAyranisthebest,2026-04-29,13:37:46,-07:00,2026-04-29T13:37:46-07:00,0,0
style.css,175,css,a5bdeb93,EdisonAyranisthebest,2026-04-29,13:37:46,-07:00,2026-04-29T13:37:46-07:00,0,0
style.css,176,css,a5bdeb93,EdisonAyranisthebest,2026-04-29,13:37:46,-07:00,2026-04-29T13:37:46-07:00,0,18
style.css,177,css,a5bdeb93,EdisonAyranisthebest,2026-04-29,13:37:46,-07:00,2026-04-29T13:37:46-07:00,1,17
style.css,178,css,a5bdeb93,EdisonAyranisthebest,2026-04-29,13:37:46,-07:00,2026-04-29T13:37:46-07:00,0,0
style.css,179,css,a5bdeb93,EdisonAyranisthebest,2026-04-29,13:37:46,-07:00,2026-04-29T13:37:46-07:00,0,0
style.css,180,css,a5bdeb93,EdisonAyranisthebest,2026-04-29,13:37:46,-07:00,2026-04-29T13:37:46-07:00,0,10
style.css,181,css,a5bdeb93,EdisonAyranisthebest,2026-04-29,13:37:46,-07:00,2026-04-29T13:37:46-07:00,0,7
style.css,182,css,a5bdeb93,EdisonAyranisthebest,2026-04-29,13:37:46,-07:00,2026-04-29T13:37:46-07:00,1,12
style.css,183,css,a5bdeb93,EdisonAyranisthebest,2026-04-29,13:37:46,-07:00,2026-04-29T13:37:46-07:00,1,57
style.css,184,css,a5bdeb93,EdisonAyranisthebest,2026-04-29,13:37:46,-07:00,2026-04-29T13:37:46-07:00,1,9
style.css,185,css,a5bdeb93,EdisonAyranisthebest,2026-04-29,13:37:46,-07:00,2026-04-29T13:37:46-07:00,1,11
style.css,186,css,a5bdeb93,EdisonAyranisthebest,2026-04-29,13:37:46,-07:00,2026-04-29T13:37:46-07:00,1,8
style.css,187,css,a5bdeb93,EdisonAyranisthebest,2026-04-29,13:37:46,-07:00,2026-04-29T13:37:46-07:00,1,34
style.css,188,css,a5bdeb93,EdisonAyranisthebest,2026-04-29,13:37:46,-07:00,2026-04-29T13:37:46-07:00,1,19
style.css,189,css,a5bdeb93,EdisonAyranisthebest,2026-04-29,13:37:46,-07:00,2026-04-29T13:37:46-07:00,1,15
style.css,190,css,a5bdeb93,EdisonAyranisthebest,2026-04-29,13:37:46,-07:00,2026-04-29T13:37:46-07:00,1,6
style.css,191,css,a5bdeb93,EdisonAyranisthebest,2026-04-29,13:37:46,-07:00,2026-04-29T13:37:46-07:00,0,0
style.css,192,css,a5bdeb93,EdisonAyranisthebest,2026-04-29,13:37:46,-07:00,2026-04-29T13:37:46-07:00,0,0
style.css,193,css,a5bdeb93,EdisonAyranisthebest,2026-04-29,13:37:46,-07:00,2026-04-29T13:37:46-07:00,0,12
style.css,194,css,a5bdeb93,EdisonAyranisthebest,2026-04-29,13:37:46,-07:00,2026-04-29T13:37:46-07:00,1,12
style.css,195,css,a5bdeb93,EdisonAyranisthebest,2026-04-29,13:37:46,-07:00,2026-04-29T13:37:46-07:00,1,18
style.css,196,css,a5bdeb93,EdisonAyranisthebest,2026-04-29,13:37:46,-07:00,2026-04-29T13:37:46-07:00,1,9
style.css,197,css,a5bdeb93,EdisonAyranisthebest,2026-04-29,13:37:46,-07:00,2026-04-29T13:37:46-07:00,0,0
style.css,198,css,a5bdeb93,EdisonAyranisthebest,2026-04-29,13:37:46,-07:00,2026-04-29T13:37:46-07:00,0,0
style.css,199,css,a5bdeb93,EdisonAyranisthebest,2026-04-29,13:37:46,-07:00,2026-04-29T13:37:46-07:00,0,7
style.css,200,css,a5bdeb93,EdisonAyranisthebest,2026-04-29,13:37:46,-07:00,2026-04-29T13:37:46-07:00,1,20
style.css,201,css,a5bdeb93,EdisonAyranisthebest,2026-04-29,13:37:46,-07:00,2026-04-29T13:37:46-07:00,1,9
style.css,202,css,a5bdeb93,EdisonAyranisthebest,2026-04-29,13:37:46,-07:00,2026-04-29T13:37:46-07:00,1,18
style.css,203,css,a5bdeb93,EdisonAyranisthebest,2026-04-29,13:37:46,-07:00,2026-04-29T13:37:46-07:00,1,29
style.css,204,css,a5bdeb93,EdisonAyranisthebest,2026-04-29,13:37:46,-07:00,2026-04-29T13:37:46-07:00,1,17
style.css,205,css,a5bdeb93,EdisonAyranisthebest,2026-04-29,13:37:46,-07:00,2026-04-29T13:37:46-07:00,0,0
style.css,206,css,a5bdeb93,EdisonAyranisthebest,2026-04-29,13:37:46,-07:00,2026-04-29T13:37:46-07:00,0,0
style.css,207,css,a5bdeb93,EdisonAyranisthebest,2026-04-29,13:37:46,-07:00,2026-04-29T13:37:46-07:00,0,29
style.css,208,css,a5bdeb93,EdisonAyranisthebest,2026-04-29,13:37:46,-07:00,2026-04-29T13:37:46-07:00,0,10
style.css,209,css,a5bdeb93,EdisonAyranisthebest,2026-04-29,13:37:46,-07:00,2026-04-29T13:37:46-07:00,1,12
style.css,210,css,a5bdeb93,EdisonAyranisthebest,2026-04-29,13:37:46,-07:00,2026-04-29T13:37:46-07:00,1,18
style.css,211,css,a5bdeb93,EdisonAyranisthebest,2026-04-29,13:37:46,-07:00,2026-04-29T13:37:46-07:00,1,7
style.css,212,css,a5bdeb93,EdisonAyranisthebest,2026-04-29,13:37:46,-07:00,2026-04-29T13:37:46-07:00,0,0
style.css,213,css,a5bdeb93,EdisonAyranisthebest,2026-04-29,13:37:46,-07:00,2026-04-29T13:37:46-07:00,0,0
style.css,214,css,a5bdeb93,EdisonAyranisthebest,2026-04-29,13:37:46,-07:00,2026-04-29T13:37:46-07:00,0,14
style.css,215,css,a5bdeb93,EdisonAyranisthebest,2026-04-29,13:37:46,-07:00,2026-04-29T13:37:46-07:00,0,10
style.css,216,css,a5bdeb93,EdisonAyranisthebest,2026-04-29,13:37:46,-07:00,2026-04-29T13:37:46-07:00,1,13
style.css,217,css,a5bdeb93,EdisonAyranisthebest,2026-04-29,13:37:46,-07:00,2026-04-29T13:37:46-07:00,1,10
style.css,218,css,a5bdeb93,EdisonAyranisthebest,2026-04-29,13:37:46,-07:00,2026-04-29T13:37:46-07:00,1,16
style.css,219,css,a5bdeb93,EdisonAyranisthebest,2026-04-29,13:37:46,-07:00,2026-04-29T13:37:46-07:00,1,13
style.css,220,css,a5bdeb93,EdisonAyranisthebest,2026-04-29,13:37:46,-07:00,2026-04-29T13:37:46-07:00,1,12
style.css,221,css,a5bdeb93,EdisonAyranisthebest,2026-04-29,13:37:46,-07:00,2026-04-29T13:37:46-07:00,1,34
style.css,222,css,a5bdeb93,EdisonAyranisthebest,2026-04-29,13:37:46,-07:00,2026-04-29T13:37:46-07:00,1,19
style.css,223,css,a5bdeb93,EdisonAyranisthebest,2026-04-29,13:37:46,-07:00,2026-04-29T13:37:46-07:00,0,0
style.css,224,css,00000000,Not Committed Yet,2026-05-08,14:33:53,-07:00,2026-05-08T14:33:53-07:00,0,0
style.css,225,css,00000000,Not Committed Yet,2026-05-08,14:33:53,-07:00,2026-05-08T14:33:53-07:00,0,12
style.css,226,css,00000000,Not Committed Yet,2026-05-08,14:33:53,-07:00,2026-05-08T14:33:53-07:00,0,8
style.css,227,css,00000000,Not Committed Yet,2026-05-08,14:33:53,-07:00,2026-05-08T14:33:53-07:00,1,12
style.css,228,css,00000000,Not Committed Yet,2026-05-08,14:33:53,-07:00,2026-05-08T14:33:53-07:00,1,36
style.css,229,css,00000000,Not Committed Yet,2026-05-08,14:33:53,-07:00,2026-05-08T14:33:53-07:00,1,9
style.css,230,css,00000000,Not Committed Yet,2026-05-08,14:33:53,-07:00,2026-05-08T14:33:53-07:00,1,17
style.css,231,css,00000000,Not Committed Yet,2026-05-08,14:33:53,-07:00,2026-05-08T14:33:53-07:00,1,16
style.css,232,css,00000000,Not Committed Yet,2026-05-08,14:33:53,-07:00,2026-05-08T14:33:53-07:00,0,0
style.css,233,css,00000000,Not Committed Yet,2026-05-08,14:33:53,-07:00,2026-05-08T14:33:53-07:00,0,0
style.css,234,css,00000000,Not Committed Yet,2026-05-08,14:33:53,-07:00,2026-05-08T14:33:53-07:00,0,11
style.css,235,css,00000000,Not Committed Yet,2026-05-08,14:33:53,-07:00,2026-05-08T14:33:53-07:00,1,10
style.css,236,css,00000000,Not Committed Yet,2026-05-08,14:33:53,-07:00,2026-05-08T14:33:53-07:00,1,16
style.css,237,css,00000000,Not Committed Yet,2026-05-08,14:33:53,-07:00,2026-05-08T14:33:53-07:00,1,16
style.css,238,css,00000000,Not Committed Yet,2026-05-08,14:33:53,-07:00,2026-05-08T14:33:53-07:00,1,24
style.css,239,css,00000000,Not Committed Yet,2026-05-08,14:33:53,-07:00,2026-05-08T14:33:53-07:00,0,0
style.css,240,css,00000000,Not Committed Yet,2026-05-08,14:33:53,-07:00,2026-05-08T14:33:53-07:00,0,0
style.css,241,css,00000000,Not Committed Yet,2026-05-08,14:33:53,-07:00,2026-05-08T14:33:53-07:00,0,11
style.css,242,css,00000000,Not Committed Yet,2026-05-08,14:33:53,-07:00,2026-05-08T14:33:53-07:00,1,10
style.css,243,css,00000000,Not Committed Yet,2026-05-08,14:33:53,-07:00,2026-05-08T14:33:53-07:00,1,15
style.css,244,css,00000000,Not Committed Yet,2026-05-08,14:33:53,-07:00,2026-05-08T14:33:53-07:00,1,8
style.css,245,css,00000000,Not Committed Yet,2026-05-08,14:33:53,-07:00,2026-05-08T14:33:53-07:00,0,0
style.css,246,css,00000000,Not Committed Yet,2026-05-08,14:33:53,-07:00,2026-05-08T14:33:53-07:00,0,0
style.css,247,css,00000000,Not Committed Yet,2026-05-08,14:33:53,-07:00,2026-05-08T14:33:53-07:00,0,11
style.css,248,css,00000000,Not Committed Yet,2026-05-08,14:33:53,-07:00,2026-05-08T14:33:53-07:00,0,7
style.css,249,css,00000000,Not Committed Yet,2026-05-08,14:33:53,-07:00,2026-05-08T14:33:53-07:00,1,12
style.css,250,css,00000000,Not Committed Yet,2026-05-08,14:33:53,-07:00,2026-05-08T14:33:53-07:00,1,30
style.css,251,css,00000000,Not Committed Yet,2026-05-08,14:33:53,-07:00,2026-05-08T14:33:53-07:00,1,13
style.css,252,css,00000000,Not Committed Yet,2026-05-08,14:33:53,-07:00,2026-05-08T14:33:53-07:00,1,8
style.css,253,css,00000000,Not Committed Yet,2026-05-08,14:33:53,-07:00,2026-05-08T14:33:53-07:00,1,25
style.css,254,css,00000000,Not Committed Yet,2026-05-08,14:33:53,-07:00,2026-05-08T14:33:53-07:00,1,39
style.css,255,css,00000000,Not Committed Yet,2026-05-08,14:33:53,-07:00,2026-05-08T14:33:53-07:00,0,0
style.css,256,css,00000000,Not Committed Yet,2026-05-08,14:33:53,-07:00,2026-05-08T14:33:53-07:00,0,0
style.css,257,css,00000000,Not Committed Yet,2026-05-08,14:33:53,-07:00,2026-05-08T14:33:53-07:00,0,10
style.css,258,css,00000000,Not Committed Yet,2026-05-08,14:33:53,-07:00,2026-05-08T14:33:53-07:00,1,24
style.css,259,css,00000000,Not Committed Yet,2026-05-08,14:33:53,-07:00,2026-05-08T14:33:53-07:00,1,16
style.css,260,css,00000000,Not Committed Yet,2026-05-08,14:33:53,-07:00,2026-05-08T14:33:53-07:00,0,0
style.css,261,css,00000000,Not Committed Yet,2026-05-08,14:33:53,-07:00,2026-05-08T14:33:53-07:00,0,0
style.css,262,css,00000000,Not Committed Yet,2026-05-08,14:33:53,-07:00,2026-05-08T14:33:53-07:00,0,10
style.css,263,css,00000000,Not Committed Yet,2026-05-08,14:33:53,-07:00,2026-05-08T14:33:53-07:00,1,8
style.css,264,css,00000000,Not Committed Yet,2026-05-08,14:33:53,-07:00,2026-05-08T14:33:53-07:00,1,16
style.css,265,css,00000000,Not Committed Yet,2026-05-08,14:33:53,-07:00,2026-05-08T14:33:53-07:00,0,0
style.css,266,css,00000000,Not Committed Yet,2026-05-08,14:33:53,-07:00,2026-05-08T14:33:53-07:00,0,0
style.css,267,css,00000000,Not Committed Yet,2026-05-08,14:33:53,-07:00,2026-05-08T14:33:53-07:00,0,42
style.css,268,css,00000000,Not Committed Yet,2026-05-08,14:33:53,-07:00,2026-05-08T14:33:53-07:00,1,9
style.css,269,css,00000000,Not Committed Yet,2026-05-08,14:33:53,-07:00,2026-05-08T14:33:53-07:00,1,17
style.css,270,css,00000000,Not Committed Yet,2026-05-08,14:33:53,-07:00,2026-05-08T14:33:53-07:00,0,0
style.css,271,css,00000000,Not Committed Yet,2026-05-08,14:33:53,-07:00,2026-05-08T14:33:53-07:00,0,0
style.css,272,css,00000000,Not Committed Yet,2026-05-08,14:33:53,-07:00,2026-05-08T14:33:53-07:00,0,8
style.css,273,css,00000000,Not Committed Yet,2026-05-08,14:33:53,-07:00,2026-05-08T14:33:53-07:00,1,14
style.css,274,css,00000000,Not Committed Yet,2026-05-08,14:33:53,-07:00,2026-05-08T14:33:53-07:00,1,34
style.css,275,css,00000000,Not Committed Yet,2026-05-08,14:33:53,-07:00,2026-05-08T14:33:53-07:00,1,11
style.css,276,css,00000000,Not Committed Yet,2026-05-08,14:33:53,-07:00,2026-05-08T14:33:53-07:00,1,17
style.css,277,css,00000000,Not Committed Yet,2026-05-08,14:33:53,-07:00,2026-05-08T14:33:53-07:00,1,19
style.css,278,css,00000000,Not Committed Yet,2026-05-08,14:33:53,-07:00,2026-05-08T14:33:53-07:00,1,42
style.css,279,css,00000000,Not Committed Yet,2026-05-08,14:33:53,-07:00,2026-05-08T14:33:53-07:00,1,25
style.css,280,css,00000000,Not Committed Yet,2026-05-08,14:33:53,-07:00,2026-05-08T14:33:53-07:00,1,19
style.css,281,css,00000000,Not Committed Yet,2026-05-08,14:33:53,-07:00,2026-05-08T14:33:53-07:00,1,11
style.css,282,css,00000000,Not Committed Yet,2026-05-08,14:33:53,-07:00,2026-05-08T14:33:53-07:00,0,0
style.css,283,css,00000000,Not Committed Yet,2026-05-08,14:33:53,-07:00,2026-05-08T14:33:53-07:00,0,0
style.css,284,css,00000000,Not Committed Yet,2026-05-08,14:33:53,-07:00,2026-05-08T14:33:53-07:00,0,15
style.css,285,css,00000000,Not Committed Yet,2026-05-08,14:33:53,-07:00,2026-05-08T14:33:53-07:00,0,6
style.css,286,css,00000000,Not Committed Yet,2026-05-08,14:33:53,-07:00,2026-05-08T14:33:53-07:00,1,16
style.css,287,css,00000000,Not Committed Yet,2026-05-08,14:33:53,-07:00,2026-05-08T14:33:53-07:00,1,23
style.css,288,css,00000000,Not Committed Yet,2026-05-08,14:33:53,-07:00,2026-05-08T14:33:53-07:00,1,22
style.css,289,css,00000000,Not Committed Yet,2026-05-08,14:33:53,-07:00,2026-05-08T14:33:53-07:00,1,14
style.css,290,css,00000000,Not Committed Yet,2026-05-08,14:33:53,-07:00,2026-05-08T14:33:53-07:00,0,0
style.css,291,css,00000000,Not Committed Yet,2026-05-08,14:33:53,-07:00,2026-05-08T14:33:53-07:00,0,0
style.css,292,css,00000000,Not Committed Yet,2026-05-08,14:33:53,-07:00,2026-05-08T14:33:53-07:00,0,12
style.css,293,css,00000000,Not Committed Yet,2026-05-08,14:33:53,-07:00,2026-05-08T14:33:53-07:00,1,20
style.css,294,css,00000000,Not Committed Yet,2026-05-08,14:33:53,-07:00,2026-05-08T14:33:53-07:00,0,0
style.css,295,css,00000000,Not Committed Yet,2026-05-08,14:33:53,-07:00,2026-05-08T14:33:53-07:00,0,0
style.css,296,css,00000000,Not Committed Yet,2026-05-08,14:33:53,-07:00,2026-05-08T14:33:53-07:00,0,15
style.css,297,css,00000000,Not Committed Yet,2026-05-08,14:33:53,-07:00,2026-05-08T14:33:53-07:00,1,12
style.css,298,css,00000000,Not Committed Yet,2026-05-08,14:33:53,-07:00,2026-05-08T14:33:53-07:00,0,0
style.css,299,css,00000000,Not Committed Yet,2026-05-08,14:33:53,-07:00,2026-05-08T14:33:53-07:00,0,0
style.css,300,css,00000000,Not Committed Yet,2026-05-08,14:33:53,-07:00,2026-05-08T14:33:53-07:00,0,15
style.css,301,css,00000000,Not Committed Yet,2026-05-08,14:33:53,-07:00,2026-05-08T14:33:53-07:00,1,30
style.css,302,css,00000000,Not Committed Yet,2026-05-08,14:33:53,-07:00,2026-05-08T14:33:53-07:00,0,0
style.css,303,css,00000000,Not Committed Yet,2026-05-08,14:33:53,-07:00,2026-05-08T14:33:53-07:00,0,0
style.css,304,css,00000000,Not Committed Yet,2026-05-08,14:33:53,-07:00,2026-05-08T14:33:53-07:00,0,15
style.css,305,css,00000000,Not Committed Yet,2026-05-08,14:33:53,-07:00,2026-05-08T14:33:53-07:00,1,12
style.css,306,css,00000000,Not Committed Yet,2026-05-08,14:33:53,-07:00,2026-05-08T14:33:53-07:00,0,0
style.css,307,css,00000000,Not Committed Yet,2026-05-08,14:33:53,-07:00,2026-05-08T14:33:53-07:00,0,0
style.css,308,css,00000000,Not Committed Yet,2026-05-08,14:33:53,-07:00,2026-05-08T14:33:53-07:00,0,19
style.css,309,css,00000000,Not Committed Yet,2026-05-08,14:33:53,-07:00,2026-05-08T14:33:53-07:00,0,24
style.css,310,css,00000000,Not Committed Yet,2026-05-08,14:33:53,-07:00,2026-05-08T14:33:53-07:00,1,27
style.css,311,css,00000000,Not Committed Yet,2026-05-08,14:33:53,-07:00,2026-05-08T14:33:53-07:00,0,0
style.css,312,css,00000000,Not Committed Yet,2026-05-08,14:33:53,-07:00,2026-05-08T14:33:53-07:00,0,0
style.css,313,css,00000000,Not Committed Yet,2026-05-08,14:33:53,-07:00,2026-05-08T14:33:53-07:00,0,10
style.css,314,css,00000000,Not Committed Yet,2026-05-08,14:33:53,-07:00,2026-05-08T14:33:53-07:00,1,16
style.css,315,css,00000000,Not Committed Yet,2026-05-08,14:33:53,-07:00,2026-05-08T14:33:53-07:00,1,12
style.css,316,css,00000000,Not Committed Yet,2026-05-08,14:33:53,-07:00,2026-05-08T14:33:53-07:00,1,18
style.css,317,css,00000000,Not Committed Yet,2026-05-08,14:33:53,-07:00,2026-05-08T14:33:53-07:00,1,20
style.css,318,css,00000000,Not Committed Yet,2026-05-08,14:33:53,-07:00,2026-05-08T14:33:53-07:00,1,42
style.css,319,css,00000000,Not Committed Yet,2026-05-08,14:33:53,-07:00,2026-05-08T14:33:53-07:00,0,0
style.css,320,css,00000000,Not Committed Yet,2026-05-08,14:33:53,-07:00,2026-05-08T14:33:53-07:00,0,0
style.css,321,css,00000000,Not Committed Yet,2026-05-08,14:33:53,-07:00,2026-05-08T14:33:53-07:00,0,16
style.css,322,css,00000000,Not Committed Yet,2026-05-08,14:33:53,-07:00,2026-05-08T14:33:53-07:00,1,18
style.css,323,css,00000000,Not Committed Yet,2026-05-08,14:33:53,-07:00,2026-05-08T14:33:53-07:00,1,16
style.css,324,css,00000000,Not Committed Yet,2026-05-08,14:33:53,-07:00,2026-05-08T14:33:53-07:00,0,0
index.js,1,js,ec5f7803,EdisonAyranisthebest,2026-04-23,23:46:44,-07:00,2026-04-23T23:46:44-07:00,0,71
index.js,2,js,ec5f7803,EdisonAyranisthebest,2026-04-23,23:46:44,-07:00,2026-04-23T23:46:44-07:00,0,0
index.js,3,js,ec5f7803,EdisonAyranisthebest,2026-04-23,23:46:44,-07:00,2026-04-23T23:46:44-07:00,0,54
index.js,4,js,ec5f7803,EdisonAyranisthebest,2026-04-23,23:46:44,-07:00,2026-04-23T23:46:44-07:00,0,42
index.js,5,js,ec5f7803,EdisonAyranisthebest,2026-04-23,23:46:44,-07:00,2026-04-23T23:46:44-07:00,0,60
index.js,6,js,ec5f7803,EdisonAyranisthebest,2026-04-23,23:46:44,-07:00,2026-04-23T23:46:44-07:00,0,54
index.js,7,js,ec5f7803,EdisonAyranisthebest,2026-04-23,23:46:44,-07:00,2026-04-23T23:46:44-07:00,0,0
index.js,8,js,ec5f7803,EdisonAyranisthebest,2026-04-23,23:46:44,-07:00,2026-04-23T23:46:44-07:00,0,63
index.js,9,js,ec5f7803,EdisonAyranisthebest,2026-04-23,23:46:44,-07:00,2026-04-23T23:46:44-07:00,0,60
index.js,10,js,ec5f7803,EdisonAyranisthebest,2026-04-23,23:46:44,-07:00,2026-04-23T23:46:44-07:00,0,17
index.js,11,js,ec5f7803,EdisonAyranisthebest,2026-04-23,23:46:44,-07:00,2026-04-23T23:46:44-07:00,1,24
index.js,12,js,ec5f7803,EdisonAyranisthebest,2026-04-23,23:46:44,-07:00,2026-04-23T23:46:44-07:00,2,2
index.js,13,js,ec5f7803,EdisonAyranisthebest,2026-04-23,23:46:44,-07:00,2026-04-23T23:46:44-07:00,3,55
index.js,14,js,ec5f7803,EdisonAyranisthebest,2026-04-23,23:46:44,-07:00,2026-04-23T23:46:44-07:00,3,55
index.js,15,js,ec5f7803,EdisonAyranisthebest,2026-04-23,23:46:44,-07:00,2026-04-23T23:46:44-07:00,3,49
index.js,16,js,ec5f7803,EdisonAyranisthebest,2026-04-23,23:46:44,-07:00,2026-04-23T23:46:44-07:00,3,49
index.js,17,js,ec5f7803,EdisonAyranisthebest,2026-04-23,23:46:44,-07:00,2026-04-23T23:46:44-07:00,2,3
index.js,18,js,ec5f7803,EdisonAyranisthebest,2026-04-23,23:46:44,-07:00,2026-04-23T23:46:44-07:00,1,0
index.js,19,js,ec5f7803,EdisonAyranisthebest,2026-04-23,23:46:44,-07:00,2026-04-23T23:46:44-07:00,0,0
index.html,1,html,21ebbad6,EdisonAyranisthebest,2026-04-02,11:28:47,-07:00,2026-04-02T11:28:47-07:00,0,13
index.html,2,html,21ebbad6,EdisonAyranisthebest,2026-04-02,11:28:47,-07:00,2026-04-02T11:28:47-07:00,0,14
index.html,3,html,21ebbad6,EdisonAyranisthebest,2026-04-02,11:28:47,-07:00,2026-04-02T11:28:47-07:00,0,4
index.html,4,html,21ebbad6,EdisonAyranisthebest,2026-04-02,11:28:47,-07:00,2026-04-02T11:28:47-07:00,2,20
index.html,5,html,21ebbad6,EdisonAyranisthebest,2026-04-02,11:28:47,-07:00,2026-04-02T11:28:47-07:00,2,68
index.html,6,html,21ebbad6,EdisonAyranisthebest,2026-04-02,11:28:47,-07:00,2026-04-02T11:28:47-07:00,2,54
index.html,7,html,4e3a9ead,EdisonAyranisthebest,2026-04-02,12:03:59,-07:00,2026-04-02T12:03:59-07:00,2,38
index.html,8,html,21ebbad6,EdisonAyranisthebest,2026-04-02,11:28:47,-07:00,2026-04-02T11:28:47-07:00,0,5
index.html,9,html,21ebbad6,EdisonAyranisthebest,2026-04-02,11:28:47,-07:00,2026-04-02T11:28:47-07:00,0,4
index.html,10,html,21ebbad6,EdisonAyranisthebest,2026-04-02,11:28:47,-07:00,2026-04-02T11:28:47-07:00,2,19
index.html,11,html,cf788ed5,EdisonAyranisthebest,2026-04-02,11:51:47,-07:00,2026-04-02T11:51:47-07:00,2,54
index.html,12,html,21ebbad6,EdisonAyranisthebest,2026-04-02,11:28:47,-07:00,2026-04-02T11:28:47-07:00,2,97
index.html,13,html,ec5f7803,EdisonAyranisthebest,2026-04-23,23:46:44,-07:00,2026-04-23T23:46:44-07:00,0,0
index.html,14,html,ec5f7803,EdisonAyranisthebest,2026-04-23,23:46:44,-07:00,2026-04-23T23:46:44-07:00,2,22
index.html,15,html,ec5f7803,EdisonAyranisthebest,2026-04-23,23:46:44,-07:00,2026-04-23T23:46:44-07:00,2,26
index.html,16,html,ec5f7803,EdisonAyranisthebest,2026-04-23,23:46:44,-07:00,2026-04-23T23:46:44-07:00,0,0
index.html,17,html,ec5f7803,EdisonAyranisthebest,2026-04-23,23:46:44,-07:00,2026-04-23T23:46:44-07:00,2,22
index.html,18,html,ec5f7803,EdisonAyranisthebest,2026-04-23,23:46:44,-07:00,2026-04-23T23:46:44-07:00,3,19
index.html,19,html,ec5f7803,EdisonAyranisthebest,2026-04-23,23:46:44,-07:00,2026-04-23T23:46:44-07:00,2,4
index.html,20,html,ec5f7803,EdisonAyranisthebest,2026-04-23,23:46:44,-07:00,2026-04-23T23:46:44-07:00,0,0
index.html,21,html,e8d3b3aa,EdisonAyranisthebest,2026-04-14,14:54:15,-07:00,2026-04-14T14:54:15-07:00,2,45
index.html,22,html,ec5f7803,EdisonAyranisthebest,2026-04-23,23:46:44,-07:00,2026-04-23T23:46:44-07:00,2,50
index.html,23,html,21ebbad6,EdisonAyranisthebest,2026-04-02,11:28:47,-07:00,2026-04-02T11:28:47-07:00,0,5
index.html,24,html,21ebbad6,EdisonAyranisthebest,2026-04-02,11:28:47,-07:00,2026-04-02T11:28:47-07:00,0,5
global.js,1,js,e8d3b3aa,EdisonAyranisthebest,2026-04-14,14:54:15,-07:00,2026-04-14T14:54:15-07:00,0,26
global.js,2,js,e8d3b3aa,EdisonAyranisthebest,2026-04-14,14:54:15,-07:00,2026-04-14T14:54:15-07:00,0,0
global.js,3,js,e8d3b3aa,EdisonAyranisthebest,2026-04-14,14:54:15,-07:00,2026-04-14T14:54:15-07:00,0,41
global.js,4,js,e8d3b3aa,EdisonAyranisthebest,2026-04-14,14:54:15,-07:00,2026-04-14T14:54:15-07:00,1,52
global.js,5,js,e8d3b3aa,EdisonAyranisthebest,2026-04-14,14:54:15,-07:00,2026-04-14T14:54:15-07:00,0,0
global.js,6,js,e8d3b3aa,EdisonAyranisthebest,2026-04-14,14:54:15,-07:00,2026-04-14T14:54:15-07:00,0,0
global.js,7,js,e8d3b3aa,EdisonAyranisthebest,2026-04-14,14:54:15,-07:00,2026-04-14T14:54:15-07:00,0,88
global.js,8,js,e8d3b3aa,EdisonAyranisthebest,2026-04-14,14:54:15,-07:00,2026-04-14T14:54:15-07:00,1,3
global.js,9,js,e8d3b3aa,EdisonAyranisthebest,2026-04-14,14:54:15,-07:00,2026-04-14T14:54:15-07:00,1,14
global.js,10,js,e8d3b3aa,EdisonAyranisthebest,2026-04-14,14:54:15,-07:00,2026-04-14T14:54:15-07:00,0,0
global.js,11,js,e8d3b3aa,EdisonAyranisthebest,2026-04-14,14:54:15,-07:00,2026-04-14T14:54:15-07:00,0,11
global.js,12,js,e8d3b3aa,EdisonAyranisthebest,2026-04-14,14:54:15,-07:00,2026-04-14T14:54:15-07:00,1,25
global.js,13,js,e8d3b3aa,EdisonAyranisthebest,2026-04-14,14:54:15,-07:00,2026-04-14T14:54:15-07:00,1,38
global.js,14,js,e8d3b3aa,EdisonAyranisthebest,2026-04-14,14:54:15,-07:00,2026-04-14T14:54:15-07:00,1,36
global.js,15,js,e8d3b3aa,EdisonAyranisthebest,2026-04-14,14:54:15,-07:00,2026-04-14T14:54:15-07:00,1,26
global.js,16,js,00000000,Not Committed Yet,2026-05-08,14:33:54,-07:00,2026-05-08T14:33:54-07:00,1,30
global.js,17,js,e8d3b3aa,EdisonAyranisthebest,2026-04-14,14:54:15,-07:00,2026-04-14T14:54:15-07:00,1,66
global.js,18,js,e8d3b3aa,EdisonAyranisthebest,2026-04-14,14:54:15,-07:00,2026-04-14T14:54:15-07:00,0,0
global.js,19,js,e8d3b3aa,EdisonAyranisthebest,2026-04-14,14:54:15,-07:00,2026-04-14T14:54:15-07:00,0,0
global.js,20,js,e8d3b3aa,EdisonAyranisthebest,2026-04-14,14:54:15,-07:00,2026-04-14T14:54:15-07:00,0,38
global.js,21,js,e8d3b3aa,EdisonAyranisthebest,2026-04-14,14:54:15,-07:00,2026-04-14T14:54:15-07:00,0,25
global.js,22,js,e8d3b3aa,EdisonAyranisthebest,2026-04-14,14:54:15,-07:00,2026-04-14T14:54:15-07:00,0,0
global.js,23,js,e8d3b3aa,EdisonAyranisthebest,2026-04-14,14:54:15,-07:00,2026-04-14T14:54:15-07:00,0,20
global.js,24,js,e8d3b3aa,EdisonAyranisthebest,2026-04-14,14:54:15,-07:00,2026-04-14T14:54:15-07:00,1,14
global.js,25,js,e8d3b3aa,EdisonAyranisthebest,2026-04-14,14:54:15,-07:00,2026-04-14T14:54:15-07:00,1,18
global.js,26,js,e8d3b3aa,EdisonAyranisthebest,2026-04-14,14:54:15,-07:00,2026-04-14T14:54:15-07:00,0,0
global.js,27,js,e8d3b3aa,EdisonAyranisthebest,2026-04-14,14:54:15,-07:00,2026-04-14T14:54:15-07:00,1,28
global.js,28,js,e8d3b3aa,EdisonAyranisthebest,2026-04-14,14:54:15,-07:00,2026-04-14T14:54:15-07:00,2,20
global.js,29,js,e8d3b3aa,EdisonAyranisthebest,2026-04-14,14:54:15,-07:00,2026-04-14T14:54:15-07:00,1,0
global.js,30,js,e8d3b3aa,EdisonAyranisthebest,2026-04-14,14:54:15,-07:00,2026-04-14T14:54:15-07:00,0,0
global.js,31,js,e8d3b3aa,EdisonAyranisthebest,2026-04-14,14:54:15,-07:00,2026-04-14T14:54:15-07:00,1,34
global.js,32,js,e8d3b3aa,EdisonAyranisthebest,2026-04-14,14:54:15,-07:00,2026-04-14T14:54:15-07:00,1,11
global.js,33,js,e8d3b3aa,EdisonAyranisthebest,2026-04-14,14:54:15,-07:00,2026-04-14T14:54:15-07:00,1,20
global.js,34,js,e8d3b3aa,EdisonAyranisthebest,2026-04-14,14:54:15,-07:00,2026-04-14T14:54:15-07:00,0,0
global.js,35,js,e8d3b3aa,EdisonAyranisthebest,2026-04-14,14:54:15,-07:00,2026-04-14T14:54:15-07:00,1,90
global.js,36,js,e8d3b3aa,EdisonAyranisthebest,2026-04-14,14:54:15,-07:00,2026-04-14T14:54:15-07:00,0,0
global.js,37,js,e8d3b3aa,EdisonAyranisthebest,2026-04-14,14:54:15,-07:00,2026-04-14T14:54:15-07:00,1,29
global.js,38,js,e8d3b3aa,EdisonAyranisthebest,2026-04-14,14:54:15,-07:00,2026-04-14T14:54:15-07:00,2,18
global.js,39,js,e8d3b3aa,EdisonAyranisthebest,2026-04-14,14:54:15,-07:00,2026-04-14T14:54:15-07:00,1,0
global.js,40,js,e8d3b3aa,EdisonAyranisthebest,2026-04-14,14:54:15,-07:00,2026-04-14T14:54:15-07:00,0,0
global.js,41,js,e8d3b3aa,EdisonAyranisthebest,2026-04-14,14:54:15,-07:00,2026-04-14T14:54:15-07:00,1,12
global.js,42,js,e8d3b3aa,EdisonAyranisthebest,2026-04-14,14:54:15,-07:00,2026-04-14T14:54:15-07:00,0,0
global.js,43,js,e8d3b3aa,EdisonAyranisthebest,2026-04-14,14:54:15,-07:00,2026-04-14T14:54:15-07:00,0,0
global.js,44,js,e8d3b3aa,EdisonAyranisthebest,2026-04-14,14:54:15,-07:00,2026-04-14T14:54:15-07:00,0,31
global.js,45,js,e8d3b3aa,EdisonAyranisthebest,2026-04-14,14:54:15,-07:00,2026-04-14T14:54:15-07:00,1,11
global.js,46,js,e8d3b3aa,EdisonAyranisthebest,2026-04-14,14:54:15,-07:00,2026-04-14T14:54:15-07:00,1,27
global.js,47,js,e8d3b3aa,EdisonAyranisthebest,2026-04-14,14:54:15,-07:00,2026-04-14T14:54:15-07:00,2,4
global.js,48,js,e8d3b3aa,EdisonAyranisthebest,2026-04-14,14:54:15,-07:00,2026-04-14T14:54:15-07:00,2,6
global.js,49,js,e8d3b3aa,EdisonAyranisthebest,2026-04-14,14:54:15,-07:00,2026-04-14T14:54:15-07:00,3,43
global.js,50,js,e8d3b3aa,EdisonAyranisthebest,2026-04-14,14:54:15,-07:00,2026-04-14T14:54:15-07:00,3,34
global.js,51,js,e8d3b3aa,EdisonAyranisthebest,2026-04-14,14:54:15,-07:00,2026-04-14T14:54:15-07:00,3,32
global.js,52,js,e8d3b3aa,EdisonAyranisthebest,2026-04-14,14:54:15,-07:00,2026-04-14T14:54:15-07:00,2,7
global.js,53,js,e8d3b3aa,EdisonAyranisthebest,2026-04-14,14:54:15,-07:00,2026-04-14T14:54:15-07:00,1,7
global.js,54,js,e8d3b3aa,EdisonAyranisthebest,2026-04-14,14:54:15,-07:00,2026-04-14T14:54:15-07:00,0,0
global.js,55,js,e8d3b3aa,EdisonAyranisthebest,2026-04-14,14:54:15,-07:00,2026-04-14T14:54:15-07:00,0,0
global.js,56,js,e8d3b3aa,EdisonAyranisthebest,2026-04-14,14:54:15,-07:00,2026-04-14T14:54:15-07:00,0,58
global.js,57,js,e8d3b3aa,EdisonAyranisthebest,2026-04-14,14:54:15,-07:00,2026-04-14T14:54:15-07:00,0,0
global.js,58,js,e8d3b3aa,EdisonAyranisthebest,2026-04-14,14:54:15,-07:00,2026-04-14T14:54:15-07:00,0,36
global.js,59,js,e8d3b3aa,EdisonAyranisthebest,2026-04-14,14:54:15,-07:00,2026-04-14T14:54:15-07:00,1,70
global.js,60,js,e8d3b3aa,EdisonAyranisthebest,2026-04-14,14:54:15,-07:00,2026-04-14T14:54:15-07:00,1,25
global.js,61,js,e8d3b3aa,EdisonAyranisthebest,2026-04-14,14:54:15,-07:00,2026-04-14T14:54:15-07:00,0,0
global.js,62,js,e8d3b3aa,EdisonAyranisthebest,2026-04-14,14:54:15,-07:00,2026-04-14T14:54:15-07:00,0,0
global.js,63,js,e8d3b3aa,EdisonAyranisthebest,2026-04-14,14:54:15,-07:00,2026-04-14T14:54:15-07:00,0,34
global.js,64,js,e8d3b3aa,EdisonAyranisthebest,2026-04-14,14:54:15,-07:00,2026-04-14T14:54:15-07:00,1,39
global.js,65,js,e8d3b3aa,EdisonAyranisthebest,2026-04-14,14:54:15,-07:00,2026-04-14T14:54:15-07:00,0,0
global.js,66,js,e8d3b3aa,EdisonAyranisthebest,2026-04-14,14:54:15,-07:00,2026-04-14T14:54:15-07:00,0,0
global.js,67,js,e8d3b3aa,EdisonAyranisthebest,2026-04-14,14:54:15,-07:00,2026-04-14T14:54:15-07:00,0,49
global.js,68,js,e8d3b3aa,EdisonAyranisthebest,2026-04-14,14:54:15,-07:00,2026-04-14T14:54:15-07:00,1,33
global.js,69,js,e8d3b3aa,EdisonAyranisthebest,2026-04-14,14:54:15,-07:00,2026-04-14T14:54:15-07:00,1,44
global.js,70,js,e8d3b3aa,EdisonAyranisthebest,2026-04-14,14:54:15,-07:00,2026-04-14T14:54:15-07:00,0,1
global.js,71,js,e8d3b3aa,EdisonAyranisthebest,2026-04-14,14:54:15,-07:00,2026-04-14T14:54:15-07:00,0,0
global.js,72,js,e8d3b3aa,EdisonAyranisthebest,2026-04-14,14:54:15,-07:00,2026-04-14T14:54:15-07:00,0,40
global.js,73,js,e8d3b3aa,EdisonAyranisthebest,2026-04-14,14:54:15,-07:00,2026-04-14T14:54:15-07:00,0,49
global.js,74,js,e8d3b3aa,EdisonAyranisthebest,2026-04-14,14:54:15,-07:00,2026-04-14T14:54:15-07:00,1,21
global.js,75,js,e8d3b3aa,EdisonAyranisthebest,2026-04-14,14:54:15,-07:00,2026-04-14T14:54:15-07:00,1,28
global.js,76,js,e8d3b3aa,EdisonAyranisthebest,2026-04-14,14:54:15,-07:00,2026-04-14T14:54:15-07:00,1,26
global.js,77,js,e8d3b3aa,EdisonAyranisthebest,2026-04-14,14:54:15,-07:00,2026-04-14T14:54:15-07:00,1,14
global.js,78,js,e8d3b3aa,EdisonAyranisthebest,2026-04-14,14:54:15,-07:00,2026-04-14T14:54:15-07:00,1,31
global.js,79,js,e8d3b3aa,EdisonAyranisthebest,2026-04-14,14:54:15,-07:00,2026-04-14T14:54:15-07:00,2,50
global.js,80,js,e8d3b3aa,EdisonAyranisthebest,2026-04-14,14:54:15,-07:00,2026-04-14T14:54:15-07:00,1,0
global.js,81,js,e8d3b3aa,EdisonAyranisthebest,2026-04-14,14:54:15,-07:00,2026-04-14T14:54:15-07:00,1,22
global.js,82,js,e8d3b3aa,EdisonAyranisthebest,2026-04-14,14:54:15,-07:00,2026-04-14T14:54:15-07:00,1,18
global.js,83,js,ec5f7803,EdisonAyranisthebest,2026-04-23,23:46:44,-07:00,2026-04-23T23:46:44-07:00,0,1
global.js,84,js,ec5f7803,EdisonAyranisthebest,2026-04-23,23:46:44,-07:00,2026-04-23T23:46:44-07:00,0,0
global.js,85,js,ec5f7803,EdisonAyranisthebest,2026-04-23,23:46:44,-07:00,2026-04-23T23:46:44-07:00,0,19
global.js,86,js,ec5f7803,EdisonAyranisthebest,2026-04-23,23:46:44,-07:00,2026-04-23T23:46:44-07:00,0,36
global.js,87,js,ec5f7803,EdisonAyranisthebest,2026-04-23,23:46:44,-07:00,2026-04-23T23:46:44-07:00,1,3
global.js,88,js,ec5f7803,EdisonAyranisthebest,2026-04-23,23:46:44,-07:00,2026-04-23T23:46:44-07:00,2,32
global.js,89,js,ec5f7803,EdisonAyranisthebest,2026-04-23,23:46:44,-07:00,2026-04-23T23:46:44-07:00,2,17
global.js,90,js,ec5f7803,EdisonAyranisthebest,2026-04-23,23:46:44,-07:00,2026-04-23T23:46:44-07:00,3,57
global.js,91,js,ec5f7803,EdisonAyranisthebest,2026-04-23,23:46:44,-07:00,2026-04-23T23:46:44-07:00,2,0
global.js,92,js,ec5f7803,EdisonAyranisthebest,2026-04-23,23:46:44,-07:00,2026-04-23T23:46:44-07:00,2,33
global.js,93,js,ec5f7803,EdisonAyranisthebest,2026-04-23,23:46:44,-07:00,2026-04-23T23:46:44-07:00,2,10
global.js,94,js,ec5f7803,EdisonAyranisthebest,2026-04-23,23:46:44,-07:00,2026-04-23T23:46:44-07:00,1,15
global.js,95,js,ec5f7803,EdisonAyranisthebest,2026-04-23,23:46:44,-07:00,2026-04-23T23:46:44-07:00,2,59
global.js,96,js,ec5f7803,EdisonAyranisthebest,2026-04-23,23:46:44,-07:00,2026-04-23T23:46:44-07:00,1,0
global.js,97,js,ec5f7803,EdisonAyranisthebest,2026-04-23,23:46:44,-07:00,2026-04-23T23:46:44-07:00,0,0
global.js,98,js,ec5f7803,EdisonAyranisthebest,2026-04-23,23:46:44,-07:00,2026-04-23T23:46:44-07:00,0,0
global.js,99,js,ec5f7803,EdisonAyranisthebest,2026-04-23,23:46:44,-07:00,2026-04-23T23:46:44-07:00,0,24
global.js,100,js,ec5f7803,EdisonAyranisthebest,2026-04-23,23:46:44,-07:00,2026-04-23T23:46:44-07:00,0,79
global.js,101,js,ec5f7803,EdisonAyranisthebest,2026-04-23,23:46:44,-07:00,2026-04-23T23:46:44-07:00,1,30
global.js,102,js,ec5f7803,EdisonAyranisthebest,2026-04-23,23:46:44,-07:00,2026-04-23T23:46:44-07:00,1,29
global.js,103,js,ec5f7803,EdisonAyranisthebest,2026-04-23,23:46:44,-07:00,2026-04-23T23:46:44-07:00,2,48
global.js,104,js,ec5f7803,EdisonAyranisthebest,2026-04-23,23:46:44,-07:00,2026-04-23T23:46:44-07:00,2,19
global.js,105,js,ec5f7803,EdisonAyranisthebest,2026-04-23,23:46:44,-07:00,2026-04-23T23:46:44-07:00,3,49
global.js,106,js,ec5f7803,EdisonAyranisthebest,2026-04-23,23:46:44,-07:00,2026-04-23T23:46:44-07:00,3,49
global.js,107,js,a5bdeb93,EdisonAyranisthebest,2026-04-29,13:37:46,-07:00,2026-04-29T13:37:46-07:00,3,3
global.js,108,js,a5bdeb93,EdisonAyranisthebest,2026-04-29,13:37:46,-07:00,2026-04-29T13:37:46-07:00,4,27
global.js,109,js,a5bdeb93,EdisonAyranisthebest,2026-04-29,13:37:46,-07:00,2026-04-29T13:37:46-07:00,4,41
global.js,110,js,a5bdeb93,EdisonAyranisthebest,2026-04-29,13:37:46,-07:00,2026-04-29T13:37:46-07:00,3,4
global.js,111,js,ec5f7803,EdisonAyranisthebest,2026-04-23,23:46:44,-07:00,2026-04-23T23:46:44-07:00,2,0
global.js,112,js,ec5f7803,EdisonAyranisthebest,2026-04-23,23:46:44,-07:00,2026-04-23T23:46:44-07:00,2,36
global.js,113,js,ec5f7803,EdisonAyranisthebest,2026-04-23,23:46:44,-07:00,2026-04-23T23:46:44-07:00,1,0
global.js,114,js,ec5f7803,EdisonAyranisthebest,2026-04-23,23:46:44,-07:00,2026-04-23T23:46:44-07:00,0,0
global.js,115,js,ec5f7803,EdisonAyranisthebest,2026-04-23,23:46:44,-07:00,2026-04-23T23:46:44-07:00,0,0
global.js,116,js,ec5f7803,EdisonAyranisthebest,2026-04-23,23:46:44,-07:00,2026-04-23T23:46:44-07:00,0,25
global.js,117,js,ec5f7803,EdisonAyranisthebest,2026-04-23,23:46:44,-07:00,2026-04-23T23:46:44-07:00,0,47
global.js,118,js,ec5f7803,EdisonAyranisthebest,2026-04-23,23:46:44,-07:00,2026-04-23T23:46:44-07:00,1,59
global.js,119,js,ec5f7803,EdisonAyranisthebest,2026-04-23,23:46:44,-07:00,2026-04-23T23:46:44-07:00,0,0
projects\projects.js,1,js,ec5f7803,EdisonAyranisthebest,2026-04-23,23:46:44,-07:00,2026-04-23T23:46:44-07:00,0,55
projects\projects.js,2,js,a5bdeb93,EdisonAyranisthebest,2026-04-29,13:37:46,-07:00,2026-04-29T13:37:46-07:00,0,59
projects\projects.js,3,js,ec5f7803,EdisonAyranisthebest,2026-04-23,23:46:44,-07:00,2026-04-23T23:46:44-07:00,0,0
projects\projects.js,4,js,ec5f7803,EdisonAyranisthebest,2026-04-23,23:46:44,-07:00,2026-04-23T23:46:44-07:00,0,55
projects\projects.js,5,js,ec5f7803,EdisonAyranisthebest,2026-04-23,23:46:44,-07:00,2026-04-23T23:46:44-07:00,0,60
projects\projects.js,6,js,ec5f7803,EdisonAyranisthebest,2026-04-23,23:46:44,-07:00,2026-04-23T23:46:44-07:00,0,0
projects\projects.js,7,js,ec5f7803,EdisonAyranisthebest,2026-04-23,23:46:44,-07:00,2026-04-23T23:46:44-07:00,0,56
projects\projects.js,8,js,ec5f7803,EdisonAyranisthebest,2026-04-23,23:46:44,-07:00,2026-04-23T23:46:44-07:00,0,12
projects\projects.js,9,js,ec5f7803,EdisonAyranisthebest,2026-04-23,23:46:44,-07:00,2026-04-23T23:46:44-07:00,1,52
projects\projects.js,10,js,ec5f7803,EdisonAyranisthebest,2026-04-23,23:46:44,-07:00,2026-04-23T23:46:44-07:00,0,0
projects\projects.js,11,js,ec5f7803,EdisonAyranisthebest,2026-04-23,23:46:44,-07:00,2026-04-23T23:46:44-07:00,0,0
projects\projects.js,12,js,a5bdeb93,EdisonAyranisthebest,2026-04-29,13:37:46,-07:00,2026-04-29T13:37:46-07:00,0,13
projects\projects.js,13,js,a5bdeb93,EdisonAyranisthebest,2026-04-29,13:37:46,-07:00,2026-04-29T13:37:46-07:00,0,21
projects\projects.js,14,js,a5bdeb93,EdisonAyranisthebest,2026-04-29,13:37:46,-07:00,2026-04-29T13:37:46-07:00,0,0
projects\projects.js,15,js,a5bdeb93,EdisonAyranisthebest,2026-04-29,13:37:46,-07:00,2026-04-29T13:37:46-07:00,0,47
projects\projects.js,16,js,a5bdeb93,EdisonAyranisthebest,2026-04-29,13:37:46,-07:00,2026-04-29T13:37:46-07:00,0,57
projects\projects.js,17,js,a5bdeb93,EdisonAyranisthebest,2026-04-29,13:37:46,-07:00,2026-04-29T13:37:46-07:00,0,0
projects\projects.js,18,js,a5bdeb93,EdisonAyranisthebest,2026-04-29,13:37:46,-07:00,2026-04-29T13:37:46-07:00,0,30
projects\projects.js,19,js,a5bdeb93,EdisonAyranisthebest,2026-04-29,13:37:46,-07:00,2026-04-29T13:37:46-07:00,1,43
projects\projects.js,20,js,a5bdeb93,EdisonAyranisthebest,2026-04-29,13:37:46,-07:00,2026-04-29T13:37:46-07:00,2,59
projects\projects.js,21,js,a5bdeb93,EdisonAyranisthebest,2026-04-29,13:37:46,-07:00,2026-04-29T13:37:46-07:00,2,42
projects\projects.js,22,js,a5bdeb93,EdisonAyranisthebest,2026-04-29,13:37:46,-07:00,2026-04-29T13:37:46-07:00,1,1
projects\projects.js,23,js,a5bdeb93,EdisonAyranisthebest,2026-04-29,13:37:46,-07:00,2026-04-29T13:37:46-07:00,0,0
projects\projects.js,24,js,a5bdeb93,EdisonAyranisthebest,2026-04-29,13:37:46,-07:00,2026-04-29T13:37:46-07:00,1,25
projects\projects.js,25,js,a5bdeb93,EdisonAyranisthebest,2026-04-29,13:37:46,-07:00,2026-04-29T13:37:46-07:00,2,40
projects\projects.js,26,js,a5bdeb93,EdisonAyranisthebest,2026-04-29,13:37:46,-07:00,2026-04-29T13:37:46-07:00,2,31
projects\projects.js,27,js,a5bdeb93,EdisonAyranisthebest,2026-04-29,13:37:46,-07:00,2026-04-29T13:37:46-07:00,3,50
projects\projects.js,28,js,a5bdeb93,EdisonAyranisthebest,2026-04-29,13:37:46,-07:00,2026-04-29T13:37:46-07:00,3,57
projects\projects.js,29,js,a5bdeb93,EdisonAyranisthebest,2026-04-29,13:37:46,-07:00,2026-04-29T13:37:46-07:00,2,0
projects\projects.js,30,js,a5bdeb93,EdisonAyranisthebest,2026-04-29,13:37:46,-07:00,2026-04-29T13:37:46-07:00,1,0
projects\projects.js,31,js,a5bdeb93,EdisonAyranisthebest,2026-04-29,13:37:46,-07:00,2026-04-29T13:37:46-07:00,0,0
projects\projects.js,32,js,a5bdeb93,EdisonAyranisthebest,2026-04-29,13:37:46,-07:00,2026-04-29T13:37:46-07:00,1,14
projects\projects.js,33,js,a5bdeb93,EdisonAyranisthebest,2026-04-29,13:37:46,-07:00,2026-04-29T13:37:46-07:00,0,0
projects\projects.js,34,js,a5bdeb93,EdisonAyranisthebest,2026-04-29,13:37:46,-07:00,2026-04-29T13:37:46-07:00,0,0
projects\projects.js,35,js,a5bdeb93,EdisonAyranisthebest,2026-04-29,13:37:46,-07:00,2026-04-29T13:37:46-07:00,0,35
projects\projects.js,36,js,a5bdeb93,EdisonAyranisthebest,2026-04-29,13:37:46,-07:00,2026-04-29T13:37:46-07:00,1,26
projects\projects.js,37,js,a5bdeb93,EdisonAyranisthebest,2026-04-29,13:37:46,-07:00,2026-04-29T13:37:46-07:00,2,10
projects\projects.js,38,js,a5bdeb93,EdisonAyranisthebest,2026-04-29,13:37:46,-07:00,2026-04-29T13:37:46-07:00,2,14
projects\projects.js,39,js,a5bdeb93,EdisonAyranisthebest,2026-04-29,13:37:46,-07:00,2026-04-29T13:37:46-07:00,2,11
projects\projects.js,40,js,a5bdeb93,EdisonAyranisthebest,2026-04-29,13:37:46,-07:00,2026-04-29T13:37:46-07:00,1,0
projects\projects.js,41,js,a5bdeb93,EdisonAyranisthebest,2026-04-29,13:37:46,-07:00,2026-04-29T13:37:46-07:00,1,72
projects\projects.js,42,js,a5bdeb93,EdisonAyranisthebest,2026-04-29,13:37:46,-07:00,2026-04-29T13:37:46-07:00,0,0
projects\projects.js,43,js,a5bdeb93,EdisonAyranisthebest,2026-04-29,13:37:46,-07:00,2026-04-29T13:37:46-07:00,0,0
projects\projects.js,44,js,a5bdeb93,EdisonAyranisthebest,2026-04-29,13:37:46,-07:00,2026-04-29T13:37:46-07:00,0,38
projects\projects.js,45,js,a5bdeb93,EdisonAyranisthebest,2026-04-29,13:37:46,-07:00,2026-04-29T13:37:46-07:00,1,40
projects\projects.js,46,js,a5bdeb93,EdisonAyranisthebest,2026-04-29,13:37:46,-07:00,2026-04-29T13:37:46-07:00,1,29
projects\projects.js,47,js,a5bdeb93,EdisonAyranisthebest,2026-04-29,13:37:46,-07:00,2026-04-29T13:37:46-07:00,0,0
projects\projects.js,48,js,a5bdeb93,EdisonAyranisthebest,2026-04-29,13:37:46,-07:00,2026-04-29T13:37:46-07:00,1,32
projects\projects.js,49,js,a5bdeb93,EdisonAyranisthebest,2026-04-29,13:37:46,-07:00,2026-04-29T13:37:46-07:00,1,30
projects\projects.js,50,js,a5bdeb93,EdisonAyranisthebest,2026-04-29,13:37:46,-07:00,2026-04-29T13:37:46-07:00,0,0
projects\projects.js,51,js,a5bdeb93,EdisonAyranisthebest,2026-04-29,13:37:46,-07:00,2026-04-29T13:37:46-07:00,1,38
projects\projects.js,52,js,a5bdeb93,EdisonAyranisthebest,2026-04-29,13:37:46,-07:00,2026-04-29T13:37:46-07:00,0,0
projects\projects.js,53,js,a5bdeb93,EdisonAyranisthebest,2026-04-29,13:37:46,-07:00,2026-04-29T13:37:46-07:00,1,50
projects\projects.js,54,js,a5bdeb93,EdisonAyranisthebest,2026-04-29,13:37:46,-07:00,2026-04-29T13:37:46-07:00,1,33
projects\projects.js,55,js,a5bdeb93,EdisonAyranisthebest,2026-04-29,13:37:46,-07:00,2026-04-29T13:37:46-07:00,1,45
projects\projects.js,56,js,a5bdeb93,EdisonAyranisthebest,2026-04-29,13:37:46,-07:00,2026-04-29T13:37:46-07:00,0,0
projects\projects.js,57,js,a5bdeb93,EdisonAyranisthebest,2026-04-29,13:37:46,-07:00,2026-04-29T13:37:46-07:00,1,24
projects\projects.js,58,js,a5bdeb93,EdisonAyranisthebest,2026-04-29,13:37:46,-07:00,2026-04-29T13:37:46-07:00,2,1
projects\projects.js,59,js,a5bdeb93,EdisonAyranisthebest,2026-04-29,13:37:46,-07:00,2026-04-29T13:37:46-07:00,3,13
projects\projects.js,60,js,a5bdeb93,EdisonAyranisthebest,2026-04-29,13:37:46,-07:00,2026-04-29T13:37:46-07:00,3,13
projects\projects.js,61,js,a5bdeb93,EdisonAyranisthebest,2026-04-29,13:37:46,-07:00,2026-04-29T13:37:46-07:00,3,22
projects\projects.js,62,js,a5bdeb93,EdisonAyranisthebest,2026-04-29,13:37:46,-07:00,2026-04-29T13:37:46-07:00,3,51
projects\projects.js,63,js,a5bdeb93,EdisonAyranisthebest,2026-04-29,13:37:46,-07:00,2026-04-29T13:37:46-07:00,3,18
projects\projects.js,64,js,a5bdeb93,EdisonAyranisthebest,2026-04-29,13:37:46,-07:00,2026-04-29T13:37:46-07:00,4,43
projects\projects.js,65,js,a5bdeb93,EdisonAyranisthebest,2026-04-29,13:37:46,-07:00,2026-04-29T13:37:46-07:00,4,13
projects\projects.js,66,js,a5bdeb93,EdisonAyranisthebest,2026-04-29,13:37:46,-07:00,2026-04-29T13:37:46-07:00,5,28
projects\projects.js,67,js,a5bdeb93,EdisonAyranisthebest,2026-04-29,13:37:46,-07:00,2026-04-29T13:37:46-07:00,6,59
projects\projects.js,68,js,a5bdeb93,EdisonAyranisthebest,2026-04-29,13:37:46,-07:00,2026-04-29T13:37:46-07:00,6,42
projects\projects.js,69,js,a5bdeb93,EdisonAyranisthebest,2026-04-29,13:37:46,-07:00,2026-04-29T13:37:46-07:00,5,0
projects\projects.js,70,js,a5bdeb93,EdisonAyranisthebest,2026-04-29,13:37:46,-07:00,2026-04-29T13:37:46-07:00,4,0
projects\projects.js,71,js,a5bdeb93,EdisonAyranisthebest,2026-04-29,13:37:46,-07:00,2026-04-29T13:37:46-07:00,4,43
projects\projects.js,72,js,a5bdeb93,EdisonAyranisthebest,2026-04-29,13:37:46,-07:00,2026-04-29T13:37:46-07:00,4,56
projects\projects.js,73,js,a5bdeb93,EdisonAyranisthebest,2026-04-29,13:37:46,-07:00,2026-04-29T13:37:46-07:00,3,1
projects\projects.js,74,js,a5bdeb93,EdisonAyranisthebest,2026-04-29,13:37:46,-07:00,2026-04-29T13:37:46-07:00,1,1
projects\projects.js,75,js,a5bdeb93,EdisonAyranisthebest,2026-04-29,13:37:46,-07:00,2026-04-29T13:37:46-07:00,0,0
projects\projects.js,76,js,a5bdeb93,EdisonAyranisthebest,2026-04-29,13:37:46,-07:00,2026-04-29T13:37:46-07:00,1,24
projects\projects.js,77,js,a5bdeb93,EdisonAyranisthebest,2026-04-29,13:37:46,-07:00,2026-04-29T13:37:46-07:00,2,4
projects\projects.js,78,js,a5bdeb93,EdisonAyranisthebest,2026-04-29,13:37:46,-07:00,2026-04-29T13:37:46-07:00,3,11
projects\projects.js,79,js,a5bdeb93,EdisonAyranisthebest,2026-04-29,13:37:46,-07:00,2026-04-29T13:37:46-07:00,3,38
projects\projects.js,80,js,a5bdeb93,EdisonAyranisthebest,2026-04-29,13:37:46,-07:00,2026-04-29T13:37:46-07:00,3,70
projects\projects.js,81,js,a5bdeb93,EdisonAyranisthebest,2026-04-29,13:37:46,-07:00,2026-04-29T13:37:46-07:00,3,69
projects\projects.js,82,js,a5bdeb93,EdisonAyranisthebest,2026-04-29,13:37:46,-07:00,2026-04-29T13:37:46-07:00,1,1
projects\projects.js,83,js,a5bdeb93,EdisonAyranisthebest,2026-04-29,13:37:46,-07:00,2026-04-29T13:37:46-07:00,0,0
projects\projects.js,84,js,a5bdeb93,EdisonAyranisthebest,2026-04-29,13:37:46,-07:00,2026-04-29T13:37:46-07:00,0,0
projects\projects.js,85,js,a5bdeb93,EdisonAyranisthebest,2026-04-29,13:37:46,-07:00,2026-04-29T13:37:46-07:00,0,23
projects\projects.js,86,js,a5bdeb93,EdisonAyranisthebest,2026-04-29,13:37:46,-07:00,2026-04-29T13:37:46-07:00,0,48
projects\projects.js,87,js,a5bdeb93,EdisonAyranisthebest,2026-04-29,13:37:46,-07:00,2026-04-29T13:37:46-07:00,0,0
projects\projects.js,88,js,a5bdeb93,EdisonAyranisthebest,2026-04-29,13:37:46,-07:00,2026-04-29T13:37:46-07:00,0,53
projects\projects.js,89,js,a5bdeb93,EdisonAyranisthebest,2026-04-29,13:37:46,-07:00,2026-04-29T13:37:46-07:00,0,48
projects\projects.js,90,js,a5bdeb93,EdisonAyranisthebest,2026-04-29,13:37:46,-07:00,2026-04-29T13:37:46-07:00,1,25
projects\projects.js,91,js,a5bdeb93,EdisonAyranisthebest,2026-04-29,13:37:46,-07:00,2026-04-29T13:37:46-07:00,1,43
projects\projects.js,92,js,a5bdeb93,EdisonAyranisthebest,2026-04-29,13:37:46,-07:00,2026-04-29T13:37:46-07:00,2,59
projects\projects.js,93,js,a5bdeb93,EdisonAyranisthebest,2026-04-29,13:37:46,-07:00,2026-04-29T13:37:46-07:00,2,42
projects\projects.js,94,js,a5bdeb93,EdisonAyranisthebest,2026-04-29,13:37:46,-07:00,2026-04-29T13:37:46-07:00,1,1
projects\projects.js,95,js,a5bdeb93,EdisonAyranisthebest,2026-04-29,13:37:46,-07:00,2026-04-29T13:37:46-07:00,1,17
projects\projects.js,96,js,a5bdeb93,EdisonAyranisthebest,2026-04-29,13:37:46,-07:00,2026-04-29T13:37:46-07:00,1,23
projects\projects.js,97,js,a5bdeb93,EdisonAyranisthebest,2026-04-29,13:37:46,-07:00,2026-04-29T13:37:46-07:00,1,48
projects\projects.js,98,js,a5bdeb93,EdisonAyranisthebest,2026-04-29,13:37:46,-07:00,2026-04-29T13:37:46-07:00,0,1
projects\index.html,1,html,4e3a9ead,EdisonAyranisthebest,2026-04-02,12:03:59,-07:00,2026-04-02T12:03:59-07:00,0,13
projects\index.html,2,html,4e3a9ead,EdisonAyranisthebest,2026-04-02,12:03:59,-07:00,2026-04-02T12:03:59-07:00,0,14
projects\index.html,3,html,4e3a9ead,EdisonAyranisthebest,2026-04-02,12:03:59,-07:00,2026-04-02T12:03:59-07:00,0,4
projects\index.html,4,html,4e3a9ead,EdisonAyranisthebest,2026-04-02,12:03:59,-07:00,2026-04-02T12:03:59-07:00,2,20
projects\index.html,5,html,4e3a9ead,EdisonAyranisthebest,2026-04-02,12:03:59,-07:00,2026-04-02T12:03:59-07:00,2,68
projects\index.html,6,html,4e3a9ead,EdisonAyranisthebest,2026-04-02,12:03:59,-07:00,2026-04-02T12:03:59-07:00,2,36
projects\index.html,7,html,4e3a9ead,EdisonAyranisthebest,2026-04-02,12:03:59,-07:00,2026-04-02T12:03:59-07:00,2,41
projects\index.html,8,html,4e3a9ead,EdisonAyranisthebest,2026-04-02,12:03:59,-07:00,2026-04-02T12:03:59-07:00,0,5
projects\index.html,9,html,4e3a9ead,EdisonAyranisthebest,2026-04-02,12:03:59,-07:00,2026-04-02T12:03:59-07:00,0,4
projects\index.html,10,html,ec5f7803,EdisonAyranisthebest,2026-04-23,23:46:44,-07:00,2026-04-23T23:46:44-07:00,2,38
projects\index.html,11,html,a5bdeb93,EdisonAyranisthebest,2026-04-29,13:37:46,-07:00,2026-04-29T13:37:46-07:00,0,0
projects\index.html,12,html,a5bdeb93,EdisonAyranisthebest,2026-04-29,13:37:46,-07:00,2026-04-29T13:37:46-07:00,2,21
projects\index.html,13,html,a5bdeb93,EdisonAyranisthebest,2026-04-29,13:37:46,-07:00,2026-04-29T13:37:46-07:00,4,58
projects\index.html,14,html,a5bdeb93,EdisonAyranisthebest,2026-04-29,13:37:46,-07:00,2026-04-29T13:37:46-07:00,4,22
projects\index.html,15,html,a5bdeb93,EdisonAyranisthebest,2026-04-29,13:37:46,-07:00,2026-04-29T13:37:46-07:00,2,4
projects\index.html,16,html,a5bdeb93,EdisonAyranisthebest,2026-04-29,13:37:46,-07:00,2026-04-29T13:37:46-07:00,0,0
projects\index.html,17,html,a5bdeb93,EdisonAyranisthebest,2026-04-29,13:37:46,-07:00,2026-04-29T13:37:46-07:00,2,4
projects\index.html,18,html,a5bdeb93,EdisonAyranisthebest,2026-04-29,13:37:46,-07:00,2026-04-29T13:37:46-07:00,4,15
projects\index.html,19,html,a5bdeb93,EdisonAyranisthebest,2026-04-29,13:37:46,-07:00,2026-04-29T13:37:46-07:00,4,11
projects\index.html,20,html,a5bdeb93,EdisonAyranisthebest,2026-04-29,13:37:46,-07:00,2026-04-29T13:37:46-07:00,4,26
projects\index.html,21,html,a5bdeb93,EdisonAyranisthebest,2026-04-29,13:37:46,-07:00,2026-04-29T13:37:46-07:00,4,31
projects\index.html,22,html,a5bdeb93,EdisonAyranisthebest,2026-04-29,13:37:46,-07:00,2026-04-29T13:37:46-07:00,2,0
projects\index.html,23,html,a5bdeb93,EdisonAyranisthebest,2026-04-29,13:37:46,-07:00,2026-04-29T13:37:46-07:00,0,0
projects\index.html,24,html,ec5f7803,EdisonAyranisthebest,2026-04-23,23:46:44,-07:00,2026-04-23T23:46:44-07:00,2,26
projects\index.html,25,html,a5bdeb93,EdisonAyranisthebest,2026-04-29,13:37:46,-07:00,2026-04-29T13:37:46-07:00,0,0
projects\index.html,26,html,e8d3b3aa,EdisonAyranisthebest,2026-04-14,14:54:15,-07:00,2026-04-14T14:54:15-07:00,2,48
projects\index.html,27,html,ec5f7803,EdisonAyranisthebest,2026-04-23,23:46:44,-07:00,2026-04-23T23:46:44-07:00,2,47
projects\index.html,28,html,4e3a9ead,EdisonAyranisthebest,2026-04-02,12:03:59,-07:00,2026-04-02T12:03:59-07:00,0,5
projects\index.html,29,html,4e3a9ead,EdisonAyranisthebest,2026-04-02,12:03:59,-07:00,2026-04-02T12:03:59-07:00,0,5
cv\index.html,1,html,ebe6f0bf,EdisonAyranisthebest,2026-04-02,12:15:28,-07:00,2026-04-02T12:15:28-07:00,0,13
cv\index.html,2,html,ebe6f0bf,EdisonAyranisthebest,2026-04-02,12:15:28,-07:00,2026-04-02T12:15:28-07:00,0,14
cv\index.html,3,html,ebe6f0bf,EdisonAyranisthebest,2026-04-02,12:15:28,-07:00,2026-04-02T12:15:28-07:00,0,4
cv\index.html,4,html,ebe6f0bf,EdisonAyranisthebest,2026-04-02,12:15:28,-07:00,2026-04-02T12:15:28-07:00,2,20
cv\index.html,5,html,ebe6f0bf,EdisonAyranisthebest,2026-04-02,12:15:28,-07:00,2026-04-02T12:15:28-07:00,2,68
cv\index.html,6,html,ebe6f0bf,EdisonAyranisthebest,2026-04-02,12:15:28,-07:00,2026-04-02T12:15:28-07:00,2,30
cv\index.html,7,html,ebe6f0bf,EdisonAyranisthebest,2026-04-02,12:15:28,-07:00,2026-04-02T12:15:28-07:00,2,41
cv\index.html,8,html,ebe6f0bf,EdisonAyranisthebest,2026-04-02,12:15:28,-07:00,2026-04-02T12:15:28-07:00,0,5
cv\index.html,9,html,ebe6f0bf,EdisonAyranisthebest,2026-04-02,12:15:28,-07:00,2026-04-02T12:15:28-07:00,0,4
cv\index.html,10,html,ebe6f0bf,EdisonAyranisthebest,2026-04-02,12:15:28,-07:00,2026-04-02T12:15:28-07:00,2,24
cv\index.html,11,html,ebe6f0bf,EdisonAyranisthebest,2026-04-02,12:15:28,-07:00,2026-04-02T12:15:28-07:00,0,0
cv\index.html,12,html,5a23834c,EdisonAyranisthebest,2026-04-09,13:17:56,-07:00,2026-04-09T13:17:56-07:00,2,26
cv\index.html,13,html,ebe6f0bf,EdisonAyranisthebest,2026-04-02,12:15:28,-07:00,2026-04-02T12:15:28-07:00,4,16
cv\index.html,14,html,5a23834c,EdisonAyranisthebest,2026-04-09,13:17:56,-07:00,2026-04-09T13:17:56-07:00,4,26
cv\index.html,15,html,ebe6f0bf,EdisonAyranisthebest,2026-04-02,12:15:28,-07:00,2026-04-02T12:15:28-07:00,6,42
cv\index.html,16,html,ebe6f0bf,EdisonAyranisthebest,2026-04-02,12:15:28,-07:00,2026-04-02T12:15:28-07:00,6,66
cv\index.html,17,html,ebe6f0bf,EdisonAyranisthebest,2026-04-02,12:15:28,-07:00,2026-04-02T12:15:28-07:00,4,8
cv\index.html,18,html,ebe6f0bf,EdisonAyranisthebest,2026-04-02,12:15:28,-07:00,2026-04-02T12:15:28-07:00,2,8
cv\index.html,19,html,ebe6f0bf,EdisonAyranisthebest,2026-04-02,12:15:28,-07:00,2026-04-02T12:15:28-07:00,0,0
cv\index.html,20,html,5a23834c,EdisonAyranisthebest,2026-04-09,13:17:56,-07:00,2026-04-09T13:17:56-07:00,2,26
cv\index.html,21,html,ebe6f0bf,EdisonAyranisthebest,2026-04-02,12:15:28,-07:00,2026-04-02T12:15:28-07:00,4,17
cv\index.html,22,html,5a23834c,EdisonAyranisthebest,2026-04-09,13:17:56,-07:00,2026-04-09T13:17:56-07:00,4,26
cv\index.html,23,html,ebe6f0bf,EdisonAyranisthebest,2026-04-02,12:15:28,-07:00,2026-04-02T12:15:28-07:00,6,62
cv\index.html,24,html,5a23834c,EdisonAyranisthebest,2026-04-09,13:17:56,-07:00,2026-04-09T13:17:56-07:00,6,121
cv\index.html,25,html,ebe6f0bf,EdisonAyranisthebest,2026-04-02,12:15:28,-07:00,2026-04-02T12:15:28-07:00,4,8
cv\index.html,26,html,5a23834c,EdisonAyranisthebest,2026-04-09,13:17:56,-07:00,2026-04-09T13:17:56-07:00,4,26
cv\index.html,27,html,ebe6f0bf,EdisonAyranisthebest,2026-04-02,12:15:28,-07:00,2026-04-02T12:15:28-07:00,6,41
cv\index.html,28,html,ebe6f0bf,EdisonAyranisthebest,2026-04-02,12:15:28,-07:00,2026-04-02T12:15:28-07:00,6,94
cv\index.html,29,html,ebe6f0bf,EdisonAyranisthebest,2026-04-02,12:15:28,-07:00,2026-04-02T12:15:28-07:00,4,8
cv\index.html,30,html,5a23834c,EdisonAyranisthebest,2026-04-09,13:17:56,-07:00,2026-04-09T13:17:56-07:00,4,26
cv\index.html,31,html,ebe6f0bf,EdisonAyranisthebest,2026-04-02,12:15:28,-07:00,2026-04-02T12:15:28-07:00,6,65
cv\index.html,32,html,ebe6f0bf,EdisonAyranisthebest,2026-04-02,12:15:28,-07:00,2026-04-02T12:15:28-07:00,6,87
cv\index.html,33,html,ebe6f0bf,EdisonAyranisthebest,2026-04-02,12:15:28,-07:00,2026-04-02T12:15:28-07:00,4,8
cv\index.html,34,html,ebe6f0bf,EdisonAyranisthebest,2026-04-02,12:15:28,-07:00,2026-04-02T12:15:28-07:00,2,8
cv\index.html,35,html,ebe6f0bf,EdisonAyranisthebest,2026-04-02,12:15:28,-07:00,2026-04-02T12:15:28-07:00,0,0
cv\index.html,36,html,5a23834c,EdisonAyranisthebest,2026-04-09,13:17:56,-07:00,2026-04-09T13:17:56-07:00,2,26
cv\index.html,37,html,ebe6f0bf,EdisonAyranisthebest,2026-04-02,12:15:28,-07:00,2026-04-02T12:15:28-07:00,4,13
cv\index.html,38,html,ebe6f0bf,EdisonAyranisthebest,2026-04-02,12:15:28,-07:00,2026-04-02T12:15:28-07:00,4,2
cv\index.html,39,html,ebe6f0bf,EdisonAyranisthebest,2026-04-02,12:15:28,-07:00,2026-04-02T12:15:28-07:00,6,51
cv\index.html,40,html,ebe6f0bf,EdisonAyranisthebest,2026-04-02,12:15:28,-07:00,2026-04-02T12:15:28-07:00,6,40
cv\index.html,41,html,ebe6f0bf,EdisonAyranisthebest,2026-04-02,12:15:28,-07:00,2026-04-02T12:15:28-07:00,6,56
cv\index.html,42,html,ebe6f0bf,EdisonAyranisthebest,2026-04-02,12:15:28,-07:00,2026-04-02T12:15:28-07:00,6,33
cv\index.html,43,html,ebe6f0bf,EdisonAyranisthebest,2026-04-02,12:15:28,-07:00,2026-04-02T12:15:28-07:00,4,3
cv\index.html,44,html,ebe6f0bf,EdisonAyranisthebest,2026-04-02,12:15:28,-07:00,2026-04-02T12:15:28-07:00,2,8
cv\index.html,45,html,ebe6f0bf,EdisonAyranisthebest,2026-04-02,12:15:28,-07:00,2026-04-02T12:15:28-07:00,0,0
cv\index.html,46,html,5a23834c,EdisonAyranisthebest,2026-04-09,13:17:56,-07:00,2026-04-09T13:17:56-07:00,2,26
cv\index.html,47,html,ebe6f0bf,EdisonAyranisthebest,2026-04-02,12:15:28,-07:00,2026-04-02T12:15:28-07:00,4,15
cv\index.html,48,html,5a23834c,EdisonAyranisthebest,2026-04-09,13:17:56,-07:00,2026-04-09T13:17:56-07:00,4,26
cv\index.html,49,html,ebe6f0bf,EdisonAyranisthebest,2026-04-02,12:15:28,-07:00,2026-04-02T12:15:28-07:00,6,49
cv\index.html,50,html,ebe6f0bf,EdisonAyranisthebest,2026-04-02,12:15:28,-07:00,2026-04-02T12:15:28-07:00,6,92
cv\index.html,51,html,ebe6f0bf,EdisonAyranisthebest,2026-04-02,12:15:28,-07:00,2026-04-02T12:15:28-07:00,4,8
cv\index.html,52,html,5a23834c,EdisonAyranisthebest,2026-04-09,13:17:56,-07:00,2026-04-09T13:17:56-07:00,4,26
cv\index.html,53,html,ebe6f0bf,EdisonAyranisthebest,2026-04-02,12:15:28,-07:00,2026-04-02T12:15:28-07:00,6,48
cv\index.html,54,html,ebe6f0bf,EdisonAyranisthebest,2026-04-02,12:15:28,-07:00,2026-04-02T12:15:28-07:00,6,80
cv\index.html,55,html,ebe6f0bf,EdisonAyranisthebest,2026-04-02,12:15:28,-07:00,2026-04-02T12:15:28-07:00,4,8
cv\index.html,56,html,5a23834c,EdisonAyranisthebest,2026-04-09,13:17:56,-07:00,2026-04-09T13:17:56-07:00,4,26
cv\index.html,57,html,ebe6f0bf,EdisonAyranisthebest,2026-04-02,12:15:28,-07:00,2026-04-02T12:15:28-07:00,6,27
cv\index.html,58,html,ebe6f0bf,EdisonAyranisthebest,2026-04-02,12:15:28,-07:00,2026-04-02T12:15:28-07:00,6,82
cv\index.html,59,html,ebe6f0bf,EdisonAyranisthebest,2026-04-02,12:15:28,-07:00,2026-04-02T12:15:28-07:00,4,8
cv\index.html,60,html,ebe6f0bf,EdisonAyranisthebest,2026-04-02,12:15:28,-07:00,2026-04-02T12:15:28-07:00,2,8
cv\index.html,61,html,e8d3b3aa,EdisonAyranisthebest,2026-04-14,14:54:15,-07:00,2026-04-14T14:54:15-07:00,2,48
cv\index.html,62,html,ebe6f0bf,EdisonAyranisthebest,2026-04-02,12:15:28,-07:00,2026-04-02T12:15:28-07:00,0,5
cv\index.html,63,html,ebe6f0bf,EdisonAyranisthebest,2026-04-02,12:15:28,-07:00,2026-04-02T12:15:28-07:00,0,5
contact\index.html,1,html,4e3a9ead,EdisonAyranisthebest,2026-04-02,12:03:59,-07:00,2026-04-02T12:03:59-07:00,0,13
contact\index.html,2,html,4e3a9ead,EdisonAyranisthebest,2026-04-02,12:03:59,-07:00,2026-04-02T12:03:59-07:00,0,14
contact\index.html,3,html,4e3a9ead,EdisonAyranisthebest,2026-04-02,12:03:59,-07:00,2026-04-02T12:03:59-07:00,0,4
contact\index.html,4,html,4e3a9ead,EdisonAyranisthebest,2026-04-02,12:03:59,-07:00,2026-04-02T12:03:59-07:00,2,20
contact\index.html,5,html,4e3a9ead,EdisonAyranisthebest,2026-04-02,12:03:59,-07:00,2026-04-02T12:03:59-07:00,2,68
contact\index.html,6,html,4e3a9ead,EdisonAyranisthebest,2026-04-02,12:03:59,-07:00,2026-04-02T12:03:59-07:00,2,35
contact\index.html,7,html,4e3a9ead,EdisonAyranisthebest,2026-04-02,12:03:59,-07:00,2026-04-02T12:03:59-07:00,2,41
contact\index.html,8,html,4e3a9ead,EdisonAyranisthebest,2026-04-02,12:03:59,-07:00,2026-04-02T12:03:59-07:00,0,5
contact\index.html,9,html,4e3a9ead,EdisonAyranisthebest,2026-04-02,12:03:59,-07:00,2026-04-02T12:03:59-07:00,0,4
contact\index.html,10,html,4e3a9ead,EdisonAyranisthebest,2026-04-02,12:03:59,-07:00,2026-04-02T12:03:59-07:00,2,14
contact\index.html,11,html,e8d3b3aa,EdisonAyranisthebest,2026-04-14,14:54:15,-07:00,2026-04-14T14:54:15-07:00,2,49
contact\index.html,12,html,cf83987d,EdisonAyranisthebest,2026-04-02,12:07:40,-07:00,2026-04-02T12:07:40-07:00,4,12
contact\index.html,13,html,cf83987d,EdisonAyranisthebest,2026-04-02,12:07:40,-07:00,2026-04-02T12:07:40-07:00,6,47
contact\index.html,14,html,cf83987d,EdisonAyranisthebest,2026-04-02,12:07:40,-07:00,2026-04-02T12:07:40-07:00,4,6
contact\index.html,15,html,cf83987d,EdisonAyranisthebest,2026-04-02,12:07:40,-07:00,2026-04-02T12:07:40-07:00,4,12
contact\index.html,16,html,cf83987d,EdisonAyranisthebest,2026-04-02,12:07:40,-07:00,2026-04-02T12:07:40-07:00,6,48
contact\index.html,17,html,cf83987d,EdisonAyranisthebest,2026-04-02,12:07:40,-07:00,2026-04-02T12:07:40-07:00,4,6
contact\index.html,18,html,cf83987d,EdisonAyranisthebest,2026-04-02,12:07:40,-07:00,2026-04-02T12:07:40-07:00,4,19
contact\index.html,19,html,cf83987d,EdisonAyranisthebest,2026-04-02,12:07:40,-07:00,2026-04-02T12:07:40-07:00,2,5
contact\index.html,20,html,e8d3b3aa,EdisonAyranisthebest,2026-04-14,14:54:15,-07:00,2026-04-14T14:54:15-07:00,2,48
contact\index.html,21,html,4e3a9ead,EdisonAyranisthebest,2026-04-02,12:03:59,-07:00,2026-04-02T12:03:59-07:00,0,5
contact\index.html,22,html,4e3a9ead,EdisonAyranisthebest,2026-04-02,12:03:59,-07:00,2026-04-02T12:03:59-07:00,0,5
